,Word,Lemma,POSTag,Shape
0,Thank,thank,VBP,Xxxxx
1,you,-PRON-,PRP,xxx
2,",",",",",",","
3,David,David,NNP,Xxxxx
4,",",",",",",","
5,and,and,CC,xxx
6,you,-PRON-,PRP,xxx
7,'ll,will,MD,'xx
8,find,find,VB,xxxx
9,the,the,DT,xxx
10,sales,sale,NNS,xxxx
11,details,detail,NNS,xxxx
12,starting,start,VBG,xxxx
13,on,on,IN,xx
14,slide,slide,NN,xxxx
15,number,number,NN,xxxx
16,10,10,CD,dd
17,.,.,.,.
18,We,-PRON-,PRP,Xx
19,delivered,deliver,VBD,xxxx
20,a,a,DT,x
21,strong,strong,JJ,xxxx
22,solid,solid,JJ,xxxx
23,quarter,quarter,NN,xxxx
24,with,with,IN,xxxx
25,sales,sale,NNS,xxxx
26,increasing,increase,VBG,xxxx
27,2,2,CD,d
28,%,%,NN,%
29,year,year,NN,xxxx
30,-,-,HYPH,-
31,over,over,IN,xxxx
32,-,-,HYPH,-
33,year,year,NN,xxxx
34,"
","
",_SP,"
"
35,Prolia,Prolia,NNP,Xxxxx
36,and,and,CC,xxx
37,our,-PRON-,PRP$,xxx
38,more,more,RBR,xxxx
39,recently,recently,RB,xxxx
40,launched,launch,VBN,xxxx
41,brands,brand,NNS,xxxx
42,including,include,VBG,xxxx
43,Repatha,Repatha,NNP,Xxxxx
44,and,and,CC,xxx
45,KYPROLIS,KYPROLIS,NNP,XXXX
46,continue,continue,VBP,xxxx
47,to,to,TO,xx
48,deliver,deliver,VB,xxxx
49,strong,strong,JJ,xxxx
50,volume,volume,NN,xxxx
51,growth,growth,NN,xxxx
52,"
","
",_SP,"
"
53,We,-PRON-,PRP,Xx
54,are,be,VBP,xxx
55,focused,focused,JJ,xxxx
56,on,on,IN,xx
57,their,-PRON-,PRP$,xxxx
58,near,near,JJ,xxxx
59,-,-,HYPH,-
60,term,term,NN,xxxx
61,growth,growth,NN,xxxx
62,and,and,CC,xxx
63,realizing,realize,VBG,xxxx
64,their,-PRON-,PRP$,xxxx
65,long,long,JJ,xxxx
66,-,-,HYPH,-
67,term,term,NN,xxxx
68,potential,potential,NN,xxxx
69,as,as,IN,xx
70,the,the,DT,xxx
71,product,product,NN,xxxx
72,portfolio,portfolio,NN,xxxx
73,continues,continue,VBZ,xxxx
74,to,to,TO,xx
75,transom,transom,VB,xxxx
76,"
","
",_SP,"
"
77,For,for,IN,Xxx
78,the,the,DT,xxx
79,quarter,quarter,NN,xxxx
80,",",",",",",","
81,sales,sale,NNS,xxxx
82,in,in,IN,xx
83,the,the,DT,xxx
84,U.S,U.S,NNP,X.X
85,"
","
",_SP,"
"
86,increased,increase,VBN,xxxx
87,2,2,CD,d
88,%,%,NN,%
89,year,year,NN,xxxx
90,-,-,HYPH,-
91,over,over,IN,xxxx
92,-,-,HYPH,-
93,year,year,NN,xxxx
94,while,while,IN,xxxx
95,sales,sale,NNS,xxxx
96,outside,outside,IN,xxxx
97,the,the,DT,xxx
98,U.S,U.S,NNP,X.X
99,"
","
",_SP,"
"
100,increased,increase,VBD,xxxx
101,8,8,CD,d
102,%,%,NN,%
103,excluding,exclude,VBG,xxxx
104,the,the,DT,xxx
105,impact,impact,NN,xxxx
106,of,of,IN,xx
107,foreign,foreign,JJ,xxxx
108,exchange,exchange,NN,xxxx
109,or,or,CC,xx
110,3,3,CD,d
111,%,%,NN,%
112,including,include,VBG,xxxx
113,"
","
",_SP,"
"
114,Internationally,internationally,RB,Xxxxx
115,we,-PRON-,PRP,xx
116,had,have,VBD,xxx
117,double,double,JJ,xxxx
118,-,-,HYPH,-
119,digit,digit,NN,xxxx
120,volume,volume,NN,xxxx
121,growth,growth,NN,xxxx
122,led,lead,VBN,xxx
123,by,by,IN,xx
124,our,-PRON-,PRP$,xxx
125,European,european,JJ,Xxxxx
126,business,business,NN,xxxx
127,"
","
",_SP,"
"
128,Let,let,VB,Xxx
129,me,-PRON-,PRP,xx
130,begin,begin,VB,xxxx
131,first,first,RB,xxxx
132,with,with,IN,xxxx
133,Prolia,Prolia,NNP,Xxxxx
134,"
","
",_SP,"
"
135,Prolia,Prolia,NNP,Xxxxx
136,sales,sale,NNS,xxxx
137,increased,increase,VBD,xxxx
138,15,15,CD,dd
139,%,%,NN,%
140,with,with,IN,xxxx
141,an,an,DT,xx
142,18,18,CD,dd
143,%,%,NN,%
144,volume,volume,NN,xxxx
145,growth,growth,NN,xxxx
146,year,year,NN,xxxx
147,-,-,HYPH,-
148,over,over,IN,xxxx
149,-,-,HYPH,-
150,year,year,NN,xxxx
151,",",",",",",","
152,with,with,IN,xxxx
153,share,share,NN,xxxx
154,gains,gain,NNS,xxxx
155,in,in,IN,xx
156,both,both,DT,xxxx
157,the,the,DT,xxx
158,U.S,U.S,NNP,X.X
159,"
","
",_SP,"
"
160,and,and,CC,xxx
161,our,-PRON-,PRP$,xxx
162,international,international,JJ,xxxx
163,markets,market,NNS,xxxx
164,"
","
",_SP,"
"
165,Prolia,Prolia,NNP,Xxxxx
166,continues,continue,VBZ,xxxx
167,to,to,TO,xx
168,offer,offer,VB,xxxx
169,a,a,DT,x
170,unique,unique,JJ,xxxx
171,opportunity,opportunity,NN,xxxx
172,to,to,IN,xx
173,both,both,CC,xxxx
174,post,post,JJ,xxxx
175,-,-,JJ,-
176,menopausal,menopausal,JJ,xxxx
177,osteoporosis,osteoporosis,NN,xxxx
178,patients,patient,NNS,xxxx
179,as,as,RB,xx
180,well,well,RB,xxxx
181,as,as,IN,xx
182,Amgen,Amgen,NNP,Xxxxx
183,"
","
",_SP,"
"
184,There,there,EX,Xxxxx
185,are,be,VBP,xxx
186,currently,currently,RB,xxxx
187,about,about,IN,xxxx
188,3.5,3.5,CD,d.d
189,million,million,CD,xxxx
190,patients,patient,NNS,xxxx
191,on,on,IN,xx
192,Prolia,Prolia,NNP,Xxxxx
193,globally,globally,RB,xxxx
194,relatively,relatively,RB,xxxx
195,equally,equally,RB,xxxx
196,distributed,distribute,VBN,xxxx
197,across,across,IN,xxxx
198,the,the,DT,xxx
199,regions,region,NNS,xxxx
200,",",",",",",","
201,about,about,RB,xxxx
202,1,1,CD,d
203,million,million,CD,xxxx
204,in,in,IN,xx
205,the,the,DT,xxx
206,U.S,U.S,NNP,X.X
207,"
","
",_SP,"
"
208,",",",",",",","
209,about,about,RB,xxxx
210,1.6,1.6,CD,d.d
211,million,million,CD,xxxx
212,in,in,IN,xx
213,Europe,Europe,NNP,Xxxxx
214,and,and,CC,xxx
215,the,the,DT,xxx
216,rest,rest,NN,xxxx
217,of,of,IN,xx
218,the,the,DT,xxx
219,world,world,NN,xxxx
220,about,about,RB,xxxx
221,1,1,CD,d
222,million,million,CD,xxxx
223,"
","
",_SP,"
"
224,Elderly,elderly,JJ,Xxxxx
225,patients,patient,NNS,xxxx
226,who,who,WP,xxx
227,suffer,suffer,VBP,xxxx
228,bone,bone,NN,xxxx
229,fractures,fracture,NNS,xxxx
230,often,often,RB,xxxx
231,become,become,VBP,xxxx
232,bedridden,bedridden,JJ,xxxx
233,and,and,CC,xxx
234,face,face,VB,xxxx
235,potential,potential,JJ,xxxx
236,loss,loss,NN,xxxx
237,of,of,IN,xx
238,their,-PRON-,PRP$,xxxx
239,independence,independence,NN,xxxx
240,"
","
",_SP,"
"
241,This,this,DT,Xxxx
242,places,place,VBZ,xxxx
243,an,an,DT,xx
244,enormous,enormous,JJ,xxxx
245,economic,economic,JJ,xxxx
246,burden,burden,NN,xxxx
247,on,on,IN,xx
248,society,society,NN,xxxx
249,and,and,CC,xxx
250,less,less,JJR,xxxx
251,than,than,IN,xxxx
252,half,half,PDT,xxxx
253,the,the,DT,xxx
254,diagnosed,diagnose,VBN,xxxx
255,patients,patient,NNS,xxxx
256,are,be,VBP,xxx
257,treated,treat,VBN,xxxx
258,",",",",",",","
259,raising,raise,VBG,xxxx
260,the,the,DT,xxx
261,need,need,NN,xxxx
262,for,for,IN,xxx
263,improved,improve,VBN,xxxx
264,education,education,NN,xxxx
265,and,and,CC,xxx
266,treatment,treatment,NN,xxxx
267,guidelines,guideline,NNS,xxxx
268,"
","
",_SP,"
"
269,This,this,DT,Xxxx
270,is,be,VBZ,xx
271,what,what,WP,xxxx
272,we,-PRON-,PRP,xx
273,as,as,IN,xx
274,a,a,DT,x
275,company,company,NN,xxxx
276,are,be,VBP,xxx
277,focusing,focus,VBG,xxxx
278,on,on,IN,xx
279,next,next,JJ,xxxx
280,"
","
",_SP,"
"
281,Prolia,Prolia,NNP,Xxxxx
282,'s,'s,POS,'x
283,average,average,JJ,xxxx
284,share,share,NN,xxxx
285,of,of,IN,xx
286,treated,treat,VBN,xxxx
287,patients,patient,NNS,xxxx
288,is,be,VBZ,xx
289,around,around,RB,xxxx
290,20,20,CD,dd
291,%,%,NN,%
292,",",",",",",","
293,both,both,CC,xxxx
294,in,in,IN,xx
295,the,the,DT,xxx
296,U.S,U.S,NNP,X.X
297,"
","
",_SP,"
"
298,and,and,CC,xxx
299,globally,globally,RB,xxxx
300,"
","
",_SP,"
"
301,However,however,RB,Xxxxx
302,",",",",",",","
303,there,there,EX,xxxx
304,are,be,VBP,xxx
305,some,some,DT,xxxx
306,countries,country,NNS,xxxx
307,such,such,JJ,xxxx
308,as,as,IN,xx
309,Australia,Australia,NNP,Xxxxx
310,",",",",",",","
311,Switzerland,Switzerland,NNP,Xxxxx
312,and,and,CC,xxx
313,Ireland,Ireland,NNP,Xxxxx
314,",",",",",",","
315,where,where,WRB,xxxx
316,better,well,JJR,xxxx
317,diagnosis,diagnosis,NN,xxxx
318,and,and,CC,xxx
319,treatment,treatment,NN,xxxx
320,rates,rate,NNS,xxxx
321,for,for,IN,xxx
322,osteoporosis,osteoporosis,NN,xxxx
323,have,have,VBP,xxxx
324,led,lead,VBN,xxx
325,to,to,IN,xx
326,Prolia,Prolia,NNP,Xxxxx
327,having,have,VBG,xxxx
328,50,50,CD,dd
329,%,%,NN,%
330,share,share,NN,xxxx
331,or,or,CC,xx
332,better,well,JJR,xxxx
333,"
","
",_SP,"
"
334,These,these,DT,Xxxxx
335,are,be,VBP,xxx
336,countries,country,NNS,xxxx
337,that,that,WDT,xxxx
338,truly,truly,RB,xxxx
339,understand,understand,VBP,xxxx
340,the,the,DT,xxx
341,societal,societal,JJ,xxxx
342,cost,cost,NN,xxxx
343,of,of,IN,xx
344,non,non,JJ,xxx
345,-,-,JJ,-
346,intervention,intervention,JJ,xxxx
347,"
","
",_SP,"
"
348,Prolia,Prolia,NNP,Xxxxx
349,has,have,VBZ,xxx
350,a,a,DT,x
351,strong,strong,JJ,xxxx
352,clinical,clinical,JJ,xxxx
353,profile,profile,NN,xxxx
354,with,with,IN,xxxx
355,a,a,DT,x
356,proven,prove,VBN,xxxx
357,ability,ability,NN,xxxx
358,to,to,TO,xx
359,reduce,reduce,VB,xxxx
360,risk,risk,NN,xxxx
361,of,of,IN,xx
362,fractures,fracture,NNS,xxxx
363,"
","
",_SP,"
"
364,Combined,combine,VBN,Xxxxx
365,with,with,IN,xxxx
366,solid,solid,JJ,xxxx
367,long,long,JJ,xxxx
368,-,-,HYPH,-
369,term,term,NN,xxxx
370,safety,safety,NN,xxxx
371,data,datum,NNS,xxxx
372,spanning,span,VBG,xxxx
373,over,over,IN,xxxx
374,10,10,CD,dd
375,years,year,NNS,xxxx
376,and,and,CC,xxx
377,a,a,DT,x
378,convenient,convenient,JJ,xxxx
379,twice,twice,RB,xxxx
380,per,per,IN,xxx
381,year,year,NN,xxxx
382,administration,administration,NN,xxxx
383,schedule,schedule,NN,xxxx
384,",",",",",",","
385,Prolia,Prolia,NNP,Xxxxx
386,will,will,MD,xxxx
387,remain,remain,VB,xxxx
388,an,an,DT,xx
389,important,important,JJ,xxxx
390,growth,growth,NN,xxxx
391,driver,driver,NN,xxxx
392,and,and,CC,xxx
393,we,-PRON-,PRP,xx
394,will,will,MD,xxxx
395,continue,continue,VB,xxxx
396,to,to,TO,xx
397,target,target,VB,xxxx
398,our,-PRON-,PRP$,xxx
399,commercial,commercial,JJ,xxxx
400,efforts,effort,NNS,xxxx
401,on,on,IN,xx
402,improving,improve,VBG,xxxx
403,diagnosis,diagnosis,NN,xxxx
404,",",",",",",","
405,treatment,treatment,NN,xxxx
406,rates,rate,NNS,xxxx
407,and,and,CC,xxx
408,duration,duration,NN,xxxx
409,in,in,IN,xx
410,order,order,NN,xxxx
411,to,to,TO,xx
412,drive,drive,VB,xxxx
413,access,access,NN,xxxx
414,to,to,IN,xx
415,a,a,DT,x
416,greater,great,JJR,xxxx
417,number,number,NN,xxxx
418,of,of,IN,xx
419,these,these,DT,xxxx
420,patients,patient,NNS,xxxx
421,"
","
",_SP,"
"
422,KYPROLIS,KYPROLIS,NNP,XXXX
423,grew,grow,VBD,xxxx
424,23,23,CD,dd
425,%,%,NN,%
426,year,year,NN,xxxx
427,-,-,HYPH,-
428,over,over,IN,xxxx
429,-,-,HYPH,-
430,year,year,NN,xxxx
431,",",",",",",","
432,led,lead,VBN,xxx
433,by,by,IN,xx
434,our,-PRON-,PRP$,xxx
435,successful,successful,JJ,xxxx
436,launch,launch,NN,xxxx
437,efforts,effort,NNS,xxxx
438,across,across,IN,xxxx
439,existing,existing,JJ,xxxx
440,and,and,CC,xxx
441,new,new,JJ,xxx
442,markets,market,NNS,xxxx
443,outside,outside,IN,xxxx
444,the,the,DT,xxx
445,United,United,NNP,Xxxxx
446,States,States,NNP,Xxxxx
447,"
","
",_SP,"
"
448,Uptake,Uptake,NNP,Xxxxx
449,continues,continue,VBZ,xxxx
450,to,to,TO,xx
451,be,be,VB,xx
452,robust,robust,JJ,xxxx
453,across,across,IN,xxxx
454,the,the,DT,xxx
455,launch,launch,NN,xxxx
456,markets,market,NNS,xxxx
457,with,with,IN,xxxx
458,a,a,DT,x
459,20,20,CD,dd
460,%,%,NN,%
461,sequential,sequential,JJ,xxxx
462,volume,volume,NN,xxxx
463,growth,growth,NN,xxxx
464,"
","
",_SP,"
"
465,As,as,IN,Xx
466,Bob,Bob,NNP,Xxx
467,mentioned,mention,VBD,xxxx
468,",",",",",",","
469,KYPROLIS,KYPROLIS,NNP,XXXX
470,has,have,VBZ,xxx
471,developed,develop,VBN,xxxx
472,two,two,CD,xxx
473,sets,set,NNS,xxxx
474,of,of,IN,xx
475,exciting,exciting,JJ,xxxx
476,overall,overall,JJ,xxxx
477,survival,survival,NN,xxxx
478,data,datum,NNS,xxxx
479,in,in,IN,xx
480,relapsed,relapse,VBN,xxxx
481,multiple,multiple,JJ,xxxx
482,myeloma,myeloma,NN,xxxx
483,patients,patient,NNS,xxxx
484,this,this,DT,xxxx
485,year,year,NN,xxxx
486,"
","
",_SP,"
"
487,Earlier,earlier,RBR,Xxxxx
488,in,in,IN,xx
489,the,the,DT,xxx
490,year,year,NN,xxxx
491,in,in,IN,xx
492,the,the,DT,xxx
493,head,head,NN,xxxx
494,-,-,HYPH,-
495,to,to,IN,xx
496,-,-,HYPH,-
497,head,head,NN,xxxx
498,ENDEAVOR,ENDEAVOR,NNP,XXXX
499,study,study,NN,xxxx
500,against,against,IN,xxxx
501,VELCADE,VELCADE,NNP,XXXX
502,",",",",",",","
503,we,-PRON-,PRP,xx
504,demonstrated,demonstrate,VBD,xxxx
505,that,that,IN,xxxx
506,the,the,DT,xxx
507,KRYPOLIS,KRYPOLIS,NNP,XXXX
508,arm,arm,NN,xxx
509,reduced,reduce,VBD,xxxx
510,the,the,DT,xxx
511,risk,risk,NN,xxxx
512,of,of,IN,xx
513,death,death,NN,xxxx
514,by,by,IN,xx
515,21,21,CD,dd
516,%,%,NN,%
517,and,and,CC,xxx
518,improved,improve,VBD,xxxx
519,overall,overall,JJ,xxxx
520,survival,survival,NN,xxxx
521,by,by,IN,xx
522,about,about,RB,xxxx
523,eight,eight,CD,xxxx
524,months,month,NNS,xxxx
525,compared,compare,VBN,xxxx
526,to,to,IN,xx
527,the,the,DT,xxx
528,VELCADE,velcade,NN,XXXX
529,arm,arm,NN,xxx
530,"
","
",_SP,"
"
531,Just,just,RB,Xxxx
532,recently,recently,RB,xxxx
533,",",",",",",","
534,the,the,DT,xxx
535,ASPIRE,ASPIRE,NNP,XXXX
536,study,study,NN,xxxx
537,demonstrated,demonstrate,VBD,xxxx
538,that,that,IN,xxxx
539,adding,add,VBG,xxxx
540,KYPROLIS,KYPROLIS,NNP,XXXX
541,to,to,TO,xx
542,REVLIMID,REVLIMID,NNP,XXXX
543,and,and,CC,xxx
544,dexamethasone,dexamethasone,NN,xxxx
545,also,also,RB,xxxx
546,reduced,reduce,VBD,xxxx
547,the,the,DT,xxx
548,risk,risk,NN,xxxx
549,of,of,IN,xx
550,death,death,NN,xxxx
551,by,by,IN,xx
552,21,21,CD,dd
553,%,%,NN,%
554,and,and,CC,xxx
555,improves,improve,VBZ,xxxx
556,survival,survival,NN,xxxx
557,by,by,IN,xx
558,about,about,RB,xxxx
559,eight,eight,CD,xxxx
560,months,month,NNS,xxxx
561,"
","
",_SP,"
"
562,It,-PRON-,PRP,Xx
563,is,be,VBZ,xx
564,clear,clear,JJ,xxxx
565,"
","
",_SP,"
"
566,Multiple,multiple,JJ,Xxxxx
567,myeloma,myeloma,NN,xxxx
568,patients,patient,NNS,xxxx
569,live,live,VBP,xxxx
570,longer,longer,RB,xxxx
571,when,when,WRB,xxxx
572,treated,treat,VBN,xxxx
573,with,with,IN,xxxx
574,KYPROLIS,KYPROLIS,NNP,XXXX
575,"
","
",_SP,"
"
576,With,with,IN,Xxxx
577,these,these,DT,xxxx
578,two,two,CD,xxx
579,new,new,JJ,xxx
580,sets,set,NNS,xxxx
581,of,of,IN,xx
582,overall,overall,JJ,xxxx
583,survival,survival,NN,xxxx
584,data,datum,NNS,xxxx
585,",",",",",",","
586,our,-PRON-,PRP$,xxx
587,message,message,NN,xxxx
588,to,to,IN,xx
589,physicians,physician,NNS,xxxx
590,is,be,VBZ,xx
591,simple,simple,JJ,xxxx
592,and,and,CC,xxx
593,powerful,powerful,JJ,xxxx
594,"
","
",_SP,"
"
595,When,when,WRB,Xxxx
596,multiple,multiple,JJ,xxxx
597,myeloma,myeloma,NN,xxxx
598,relapses,relapse,NNS,xxxx
599,",",",",",",","
600,do,do,VBP,xx
601,n't,not,RB,x'x
602,put,put,VB,xxx
603,your,-PRON-,PRP$,xxxx
604,patient,patient,NN,xxxx
605,'s,'s,POS,'x
606,survival,survival,NN,xxxx
607,at,at,IN,xx
608,risk,risk,NN,xxxx
609,"
","
",_SP,"
"
610,KYPROLIS,KYPROLIS,NNP,XXXX
611,-,-,HYPH,-
612,based,base,VBN,xxxx
613,regimens,regimen,VBZ,xxxx
614,KRd,KRd,NNS,XXx
615,and,and,CC,xxx
616,Kd,Kd,NNP,Xx
617,reduce,reduce,VB,xxxx
618,the,the,DT,xxx
619,risk,risk,NN,xxxx
620,of,of,IN,xx
621,death,death,NN,xxxx
622,by,by,IN,xx
623,21,21,CD,dd
624,%,%,NN,%
625,versus,versus,IN,xxxx
626,Rd,Rd,NNPS,Xx
627,and,and,CC,xxx
628,Vd,Vd,NNP,Xx
629,and,and,CC,xxx
630,extended,extend,VBD,xxxx
631,overall,overall,JJ,xxxx
632,survival,survival,NN,xxxx
633,by,by,IN,xx
634,7.9,7.9,CD,d.d
635,and,and,CC,xxx
636,7.6,7.6,CD,d.d
637,months,month,NNS,xxxx
638,respectively,respectively,RB,xxxx
639,"
","
",_SP,"
"
640,This,this,DT,Xxxx
641,data,data,NN,xxxx
642,will,will,MD,xxxx
643,also,also,RB,xxxx
644,help,help,VB,xxxx
645,community,community,NN,xxxx
646,oncologists,oncologist,NNS,xxxx
647,better,better,RBR,xxxx
648,understand,understand,VBP,xxxx
649,the,the,DT,xxx
650,risk,risk,NN,xxxx
651,/,/,SYM,/
652,benefit,benefit,NN,xxxx
653,ratio,ratio,NN,xxxx
654,of,of,IN,xx
655,profile,profile,NN,xxxx
656,of,of,IN,xx
657,KYPROLIS,KYPROLIS,NNP,XXXX
658,versus,versus,IN,xxxx
659,other,other,JJ,xxxx
660,options,option,NNS,xxxx
661,"
","
",_SP,"
"
662,XGEVA,XGEVA,NNP,XXXX
663,grew,grow,VBD,xxxx
664,4,4,CD,d
665,%,%,NN,%
666,year,year,NN,xxxx
667,-,-,HYPH,-
668,over,over,IN,xxxx
669,-,-,HYPH,-
670,year,year,NN,xxxx
671,",",",",",",","
672,mostly,mostly,RB,xxxx
673,due,due,JJ,xxx
674,to,to,IN,xx
675,volume,volume,NN,xxxx
676,"
","
",_SP,"
"
677,We,-PRON-,PRP,Xx
678,look,look,VBP,xxxx
679,forward,forward,RB,xxxx
680,to,to,IN,xx
681,having,have,VBG,xxxx
682,the,the,DT,xxx
683,positive,positive,JJ,xxxx
684,multiple,multiple,JJ,xxxx
685,myeloma,myeloma,NNP,xxxx
686,study,study,NN,xxxx
687,data,data,NNP,xxxx
688,added,add,VBD,xxxx
689,to,to,IN,xx
690,our,-PRON-,PRP$,xxx
691,label,label,NN,xxxx
692,in,in,IN,xx
693,2018,2018,CD,dddd
694,",",",",",",","
695,which,which,WDT,xxxx
696,will,will,MD,xxxx
697,expand,expand,VB,xxxx
698,the,the,DT,xxx
699,eligible,eligible,JJ,xxxx
700,patient,patient,JJ,xxxx
701,population,population,NN,xxxx
702,and,and,CC,xxx
703,provide,provide,VB,xxxx
704,a,a,DT,x
705,new,new,JJ,xxx
706,growth,growth,NN,xxxx
707,opportunity,opportunity,NN,xxxx
708,for,for,IN,xxx
709,XGEVA,XGEVA,NNP,XXXX
710,"
","
",_SP,"
"
711,For,for,IN,Xxx
712,Nplate,Nplate,NNP,Xxxxx
713,and,and,CC,xxx
714,Vectibix,Vectibix,NNP,Xxxxx
715,",",",",",",","
716,we,-PRON-,PRP,xx
717,continue,continue,VBP,xxxx
718,to,to,TO,xx
719,see,see,VB,xxx
720,strong,strong,JJ,xxxx
721,volume,volume,NN,xxxx
722,growth,growth,NN,xxxx
723,in,in,IN,xx
724,both,both,DT,xxxx
725,brands,brand,NNS,xxxx
726,"
","
",_SP,"
"
727,Vectibix,Vectibix,NNP,Xxxxx
728,has,have,VBZ,xxx
729,now,now,RB,xxx
730,over,over,IN,xxxx
731,50,50,CD,dd
732,%,%,NN,%
733,share,share,NN,xxxx
734,of,of,IN,xx
735,the,the,DT,xxx
736,U.S,U.S,NNP,X.X
737,"
","
",_SP,"
"
738,EGFR,EGFR,NNP,XXXX
739,segment,segment,NN,xxxx
740,"
","
",_SP,"
"
741,Our,-PRON-,PRP$,Xxx
742,recent,recent,JJ,xxxx
743,label,label,NN,xxxx
744,update,update,NN,xxxx
745,",",",",",",","
746,which,which,WDT,xxxx
747,includes,include,VBZ,xxxx
748,expanded,expand,VBN,xxxx
749,RAS,RAS,NNP,XXX
750,testing,testing,NN,xxxx
751,",",",",",",","
752,demonstrates,demonstrate,VBZ,xxxx
753,Amgen,Amgen,NNP,Xxxxx
754,'s,'s,POS,'x
755,ongoing,ongoing,JJ,xxxx
756,commitment,commitment,NN,xxxx
757,to,to,IN,xx
758,using,use,VBG,xxxx
759,cutting,cut,VBG,xxxx
760,edge,edge,NN,xxxx
761,science,science,NN,xxxx
762,and,and,CC,xxx
763,technology,technology,NN,xxxx
764,to,to,TO,xx
765,target,target,VB,xxxx
766,treatments,treatment,NNS,xxxx
767,to,to,IN,xx
768,patients,patient,NNS,xxxx
769,most,most,RBS,xxxx
770,likely,likely,JJ,xxxx
771,to,to,TO,xx
772,benefit,benefit,VB,xxxx
773,"
","
",_SP,"
"
774,Turning,turn,VBG,Xxxxx
775,now,now,RB,xxx
776,to,to,IN,xx
777,Neulasta,Neulasta,NNP,Xxxxx
778,"
","
",_SP,"
"
779,We,-PRON-,PRP,Xx
780,continue,continue,VBP,xxxx
781,to,to,TO,xx
782,drive,drive,VB,xxxx
783,adoption,adoption,NN,xxxx
784,of,of,IN,xx
785,Neulasta,Neulasta,NNP,Xxxxx
786,Onpro,Onpro,NNP,Xxxxx
787,",",",",",",","
788,exiting,exit,VBG,xxxx
789,the,the,DT,xxx
790,second,second,JJ,xxxx
791,quarter,quarter,NN,xxxx
792,with,with,IN,xxxx
793,about,about,RB,xxxx
794,55,55,CD,dd
795,%,%,NN,%
796,share,share,NN,xxxx
797,of,of,IN,xx
798,Neulasta,Neulasta,NNP,Xxxxx
799,sales,sale,NNS,xxxx
800,"
","
",_SP,"
"
801,The,the,DT,Xxx
802,treatment,treatment,NN,xxxx
803,and,and,CC,xxx
804,convenience,convenience,NN,xxxx
805,benefits,benefit,NNS,xxxx
806,to,to,IN,xx
807,patients,patient,NNS,xxxx
808,and,and,CC,xxx
809,providers,provider,NNS,xxxx
810,is,be,VBZ,xx
811,clear,clear,JJ,xxxx
812,",",",",",",","
813,as,as,IN,xx
814,penetration,penetration,NN,xxxx
815,continues,continue,VBZ,xxxx
816,to,to,TO,xx
817,improve,improve,VB,xxxx
818,in,in,IN,xx
819,patients,patient,NNS,xxxx
820,undergoing,undergo,VBG,xxxx
821,myelosuppressive,myelosuppressive,JJ,xxxx
822,chemotherapy,chemotherapy,NN,xxxx
823,regimens,regimen,VBZ,xxxx
824,"
","
",_SP,"
"
825,I,-PRON-,PRP,X
826,'d,would,MD,'x
827,point,point,VB,xxxx
828,out,out,RP,xxx
829,",",",",",",","
830,however,however,RB,xxxx
831,",",",",",",","
832,as,as,IN,xx
833,we,-PRON-,PRP,xx
834,look,look,VBP,xxxx
835,at,at,IN,xx
836,the,the,DT,xxx
837,cancer,cancer,NN,xxxx
838,therapy,therapy,NN,xxxx
839,in,in,IN,xx
840,total,total,NN,xxxx
841,",",",",",",","
842,PD1s,PD1s,NNP,XXdx
843,and,and,CC,xxx
844,other,other,JJ,xxxx
845,new,new,JJ,xxx
846,novel,novel,NN,xxxx
847,therapies,therapy,NNS,xxxx
848,are,be,VBP,xxx
849,causing,cause,VBG,xxxx
850,a,a,DT,x
851,low,low,JJ,xxx
852,single,single,JJ,xxxx
853,digit,digit,NN,xxxx
854,decline,decline,NN,xxxx
855,in,in,IN,xx
856,the,the,DT,xxx
857,usage,usage,NN,xxxx
858,of,of,IN,xx
859,myelosuppressive,myelosuppressive,JJ,xxxx
860,agents,agent,NNS,xxxx
861,"
","
",_SP,"
"
862,We,-PRON-,PRP,Xx
863,'ve,have,VB,'xx
864,also,also,RB,xxxx
865,seen,see,VBN,xxxx
866,a,a,DT,x
867,small,small,JJ,xxxx
868,share,share,NN,xxxx
869,loss,loss,NN,xxxx
870,internationally,internationally,RB,xxxx
871,and,and,CC,xxx
872,we,-PRON-,PRP,xx
873,believe,believe,VBP,xxxx
874,these,these,DT,xxxx
875,factors,factor,NNS,xxxx
876,contributed,contribute,VBD,xxxx
877,to,to,IN,xx
878,the,the,DT,xxx
879,year,year,NN,xxxx
880,-,-,HYPH,-
881,over,over,IN,xxxx
882,-,-,HYPH,-
883,year,year,NN,xxxx
884,decline,decline,NN,xxxx
885,of,of,IN,xx
886,about,about,RB,xxxx
887,5,5,CD,d
888,%,%,NN,%
889,"
","
",_SP,"
"
890,The,the,DT,Xxx
891,quarter,quarter,NN,xxxx
892,-,-,HYPH,-
893,over,over,IN,xxxx
894,-,-,HYPH,-
895,quarter,quarter,NN,xxxx
896,decline,decline,NN,xxxx
897,of,of,IN,xx
898,10,10,CD,dd
899,%,%,NN,%
900,was,be,VBD,xxx
901,primarily,primarily,RB,xxxx
902,due,due,JJ,xxx
903,to,to,IN,xx
904,heavier,heavy,JJR,xxxx
905,purchasing,purchasing,NN,xxxx
906,by,by,IN,xx
907,certain,certain,JJ,xxxx
908,end,end,NN,xxx
909,customers,customer,NNS,xxxx
910,and,and,CC,xxx
911,favorable,favorable,JJ,xxxx
912,accounting,accounting,NN,xxxx
913,adjustments,adjustment,NNS,xxxx
914,in,in,IN,xx
915,the,the,DT,xxx
916,first,first,JJ,xxxx
917,quarter,quarter,NN,xxxx
918,"
","
",_SP,"
"
919,We,-PRON-,PRP,Xx
920,expect,expect,VBP,xxxx
921,the,the,DT,xxx
922,trend,trend,NN,xxxx
923,in,in,IN,xx
924,myelosuppressive,myelosuppressive,NN,xxxx
925,regimens,regimen,NNS,xxxx
926,to,to,TO,xx
927,continue,continue,VB,xxxx
928,for,for,IN,xxx
929,the,the,DT,xxx
930,remainder,remainder,NN,xxxx
931,of,of,IN,xx
932,the,the,DT,xxx
933,year,year,NN,xxxx
934,"
","
",_SP,"
"
935,I,-PRON-,PRP,X
936,'d,would,MD,'x
937,point,point,VB,xxxx
938,out,out,RP,xxx
939,",",",",",",","
940,however,however,RB,xxxx
941,",",",",",",","
942,that,that,IN,xxxx
943,in,in,IN,xx
944,spite,spite,NN,xxxx
945,of,of,IN,xx
946,decreased,decrease,VBN,xxxx
947,use,use,NN,xxx
948,of,of,IN,xx
949,myelosuppressive,myelosuppressive,JJ,xxxx
950,regimens,regimen,NNS,xxxx
951,",",",",",",","
952,there,there,EX,xxxx
953,has,have,VBZ,xxx
954,been,be,VBN,xxxx
955,an,an,DT,xx
956,increase,increase,NN,xxxx
957,in,in,IN,xx
958,the,the,DT,xxx
959,number,number,NN,xxxx
960,of,of,IN,xx
961,hospital,hospital,NN,xxxx
962,admissions,admission,NNS,xxxx
963,for,for,IN,xxx
964,febrile,febrile,NNP,xxxx
965,neutropenia,neutropenia,NNP,xxxx
966,and,and,CC,xxx
967,we,-PRON-,PRP,xx
968,continue,continue,VBP,xxxx
969,to,to,TO,xx
970,focus,focus,VB,xxxx
971,on,on,IN,xx
972,improving,improve,VBG,xxxx
973,penetration,penetration,NN,xxxx
974,for,for,IN,xxx
975,the,the,DT,xxx
976,benefit,benefit,NN,xxxx
977,of,of,IN,xx
978,patients,patient,NNS,xxxx
979,and,and,CC,xxx
980,for,for,IN,xxx
981,the,the,DT,xxx
982,reduction,reduction,NN,xxxx
983,of,of,IN,xx
984,unnecessary,unnecessary,JJ,xxxx
985,hospitalization,hospitalization,NN,xxxx
986,costs,cost,NNS,xxxx
987,"
","
",_SP,"
"
988,Looking,look,VBG,Xxxxx
989,forward,forward,RB,xxxx
990,",",",",",",","
991,I,-PRON-,PRP,X
992,'d,would,MD,'x
993,remind,remind,VB,xxxx
994,you,-PRON-,PRP,xxx
995,that,that,IN,xxxx
996,the,the,DT,xxx
997,fourth,fourth,JJ,xxxx
998,quarter,quarter,NN,xxxx
999,of,of,IN,xx
1000,2016,2016,CD,dddd
1001,also,also,RB,xxxx
1002,included,include,VBD,xxxx
1003,a,a,DT,x
1004,single,single,JJ,xxxx
1005,$,$,$,$
1006,38,38,CD,dd
1007,million,million,CD,xxxx
1008,purchase,purchase,NN,xxxx
1009,from,from,IN,xxxx
1010,the,the,DT,xxx
1011,U.S,U.S,NNP,X.X
1012,"
","
",_SP,"
"
1013,government,government,NN,xxxx
1014,"
","
",_SP,"
"
1015,NEUPOGEN,NEUPOGEN,NNP,XXXX
1016,declined,decline,VBD,xxxx
1017,30,30,CD,dd
1018,%,%,NN,%
1019,year,year,NN,xxxx
1020,-,-,HYPH,-
1021,over,over,IN,xxxx
1022,-,-,HYPH,-
1023,year,year,NN,xxxx
1024,"
","
",_SP,"
"
1025,The,the,DT,Xxx
1026,impact,impact,NN,xxxx
1027,of,of,IN,xx
1028,short,short,RB,xxxx
1029,-,-,HYPH,-
1030,acting,act,VBG,xxxx
1031,biosimilar,biosimilar,JJ,xxxx
1032,competition,competition,NN,xxxx
1033,on,on,IN,xx
1034,NEUPOGEN,NEUPOGEN,NNP,XXXX
1035,in,in,IN,xx
1036,the,the,DT,xxx
1037,U.S,U.S,NNP,X.X
1038,"
","
",_SP,"
"
1039,was,be,VBD,xxx
1040,in,in,IN,xx
1041,line,line,NN,xxxx
1042,with,with,IN,xxxx
1043,prior,prior,JJ,xxxx
1044,trends,trend,NNS,xxxx
1045,"
","
",_SP,"
"
1046,We,-PRON-,PRP,Xx
1047,exited,exit,VBD,xxxx
1048,the,the,DT,xxx
1049,second,second,JJ,xxxx
1050,quarter,quarter,NN,xxxx
1051,holding,hold,VBG,xxxx
1052,44,44,CD,dd
1053,%,%,NN,%
1054,share,share,NN,xxxx
1055,for,for,IN,xxx
1056,the,the,DT,xxx
1057,short,short,RB,xxxx
1058,-,-,HYPH,-
1059,acting,act,VBG,xxxx
1060,segment,segment,NN,xxxx
1061,and,and,CC,xxx
1062,importantly,importantly,RB,xxxx
1063,have,have,VBP,xxxx
1064,maintained,maintain,VBN,xxxx
1065,pricing,pricing,NN,xxxx
1066,discipline,discipline,NN,xxxx
1067,over,over,IN,xxxx
1068,the,the,DT,xxx
1069,three,three,CD,xxxx
1070,-,-,HYPH,-
1071,plus,plus,CC,xxxx
1072,years,year,NNS,xxxx
1073,since,since,IN,xxxx
1074,NEUPOGEN,NEUPOGEN,NNP,XXXX
1075,first,first,RB,xxxx
1076,faced,face,VBD,xxxx
1077,competition,competition,NN,xxxx
1078,in,in,IN,xx
1079,the,the,DT,xxx
1080,U.S,U.S,NNP,X.X
1081,"
","
",_SP,"
"
1082,We,-PRON-,PRP,Xx
1083,expect,expect,VBP,xxxx
1084,the,the,DT,xxx
1085,competitive,competitive,JJ,xxxx
1086,dynamic,dynamic,NN,xxxx
1087,to,to,TO,xx
1088,continue,continue,VB,xxxx
1089,through,through,IN,xxxx
1090,the,the,DT,xxx
1091,rest,rest,NN,xxxx
1092,of,of,IN,xx
1093,2017,2017,CD,dddd
1094,.,.,.,.
1095,Enbrel,Enbrel,NNP,Xxxxx
1096,sales,sale,NNS,xxxx
1097,declined,decline,VBD,xxxx
1098,1,1,CD,d
1099,%,%,NN,%
1100,year,year,NN,xxxx
1101,-,-,HYPH,-
1102,over,over,IN,xxxx
1103,-,-,HYPH,-
1104,year,year,NN,xxxx
1105,but,but,CC,xxx
1106,increased,increase,VBD,xxxx
1107,24,24,CD,dd
1108,%,%,NN,%
1109,on,on,IN,xx
1110,a,a,DT,x
1111,quarter,quarter,NN,xxxx
1112,-,-,HYPH,-
1113,over,over,IN,xxxx
1114,-,-,HYPH,-
1115,quarter,quarter,NN,xxxx
1116,basis,basis,NN,xxxx
1117,"
","
",_SP,"
"
1118,In,in,IN,Xx
1119,the,the,DT,xxx
1120,first,first,JJ,xxxx
1121,quarter,quarter,NN,xxxx
1122,",",",",",",","
1123,you,-PRON-,PRP,xxx
1124,'ll,will,MD,'xx
1125,recall,recall,VB,xxxx
1126,that,that,IN,xxxx
1127,market,market,NN,xxxx
1128,volume,volume,NN,xxxx
1129,growth,growth,NN,xxxx
1130,rates,rate,NNS,xxxx
1131,in,in,IN,xx
1132,both,both,DT,xxxx
1133,rheumatology,rheumatology,NN,xxxx
1134,and,and,CC,xxx
1135,dermatology,dermatology,NN,xxxx
1136,segments,segment,NNS,xxxx
1137,had,have,VBD,xxx
1138,contracted,contract,VBN,xxxx
1139,from,from,IN,xxxx
1140,recent,recent,JJ,xxxx
1141,levels,level,NNS,xxxx
1142,"
","
",_SP,"
"
1143,As,as,IN,Xx
1144,we,-PRON-,PRP,xx
1145,expected,expect,VBD,xxxx
1146,",",",",",",","
1147,in,in,IN,xx
1148,the,the,DT,xxx
1149,second,second,JJ,xxxx
1150,quarter,quarter,NN,xxxx
1151,",",",",",",","
1152,market,market,NN,xxxx
1153,volume,volume,NN,xxxx
1154,growth,growth,NN,xxxx
1155,improved,improve,VBD,xxxx
1156,in,in,IN,xx
1157,both,both,DT,xxxx
1158,segments,segment,NNS,xxxx
1159,"
","
",_SP,"
"
1160,We,-PRON-,PRP,Xx
1161,expect,expect,VBP,xxxx
1162,year,year,NN,xxxx
1163,-,-,HYPH,-
1164,over,over,IN,xxxx
1165,-,-,HYPH,-
1166,year,year,NN,xxxx
1167,segment,segment,NN,xxxx
1168,growth,growth,NN,xxxx
1169,trends,trend,NNS,xxxx
1170,to,to,TO,xx
1171,approximate,approximate,VB,xxxx
1172,these,these,DT,xxxx
1173,recent,recent,JJ,xxxx
1174,levels,level,NNS,xxxx
1175,for,for,IN,xxx
1176,the,the,DT,xxx
1177,balance,balance,NN,xxxx
1178,of,of,IN,xx
1179,the,the,DT,xxx
1180,year,year,NN,xxxx
1181,"
","
",_SP,"
"
1182,Sequentially,sequentially,RB,Xxxxx
1183,",",",",",",","
1184,our,-PRON-,PRP$,xxx
1185,unit,unit,NN,xxxx
1186,share,share,NN,xxxx
1187,was,be,VBD,xxx
1188,relatively,relatively,RB,xxxx
1189,stable,stable,JJ,xxxx
1190,in,in,IN,xx
1191,both,both,DT,xxxx
1192,rheumatology,rheumatology,NN,xxxx
1193,and,and,CC,xxx
1194,dermatology,dermatology,NN,xxxx
1195,",",",",",",","
1196,declining,decline,VBG,xxxx
1197,less,less,JJR,xxxx
1198,than,than,IN,xxxx
1199,1,1,CD,d
1200,percentage,percentage,NN,xxxx
1201,point,point,NN,xxxx
1202,to,to,IN,xx
1203,31,31,CD,dd
1204,%,%,NN,%
1205,in,in,IN,xx
1206,rheumatology,rheumatology,NN,xxxx
1207,and,and,CC,xxx
1208,15,15,CD,dd
1209,%,%,NN,%
1210,in,in,IN,xx
1211,dermatology,dermatology,NN,xxxx
1212,"
","
",_SP,"
"
1213,Changes,change,NNS,Xxxxx
1214,in,in,IN,xx
1215,net,net,JJ,xxx
1216,selling,selling,NN,xxxx
1217,price,price,NN,xxxx
1218,had,have,VBD,xxx
1219,a,a,DT,x
1220,positive,positive,JJ,xxxx
1221,impact,impact,NN,xxxx
1222,on,on,IN,xx
1223,Enbrel,Enbrel,NNP,Xxxxx
1224,'s,'s,POS,'x
1225,sequential,sequential,JJ,xxxx
1226,growth,growth,NN,xxxx
1227,"
","
",_SP,"
"
1228,Recall,recall,VB,Xxxxx
1229,that,that,DT,xxxx
1230,quarter,quarter,NN,xxxx
1231,one,one,CD,xxx
1232,was,be,VBD,xxx
1233,negatively,negatively,RB,xxxx
1234,impacted,impact,VBN,xxxx
1235,by,by,IN,xx
1236,increased,increase,VBN,xxxx
1237,commercial,commercial,JJ,xxxx
1238,co,co,JJ,xx
1239,-,-,JJ,-
1240,pay,pay,VB,xxx
1241,assistance,assistance,NN,xxxx
1242,"
","
",_SP,"
"
1243,As,as,IN,Xx
1244,calculated,calculate,VBN,xxxx
1245,on,on,IN,xx
1246,a,a,DT,x
1247,full,full,JJ,xxxx
1248,year,year,NN,xxxx
1249,basis,basis,NN,xxxx
1250,",",",",",",","
1251,we,-PRON-,PRP,xx
1252,continue,continue,VBP,xxxx
1253,to,to,TO,xx
1254,expect,expect,VB,xxxx
1255,year,year,NN,xxxx
1256,-,-,HYPH,-
1257,over,over,IN,xxxx
1258,-,-,HYPH,-
1259,year,year,NN,xxxx
1260,impact,impact,NN,xxxx
1261,of,of,IN,xx
1262,changes,change,NNS,xxxx
1263,in,in,IN,xx
1264,net,net,JJ,xxx
1265,selling,selling,NN,xxxx
1266,price,price,NN,xxxx
1267,to,to,TO,xx
1268,be,be,VB,xx
1269,negligible,negligible,JJ,xxxx
1270,"
","
",_SP,"
"
1271,We,-PRON-,PRP,Xx
1272,estimate,estimate,VBP,xxxx
1273,that,that,IN,xxxx
1274,we,-PRON-,PRP,xx
1275,exited,exit,VBD,xxxx
1276,the,the,DT,xxx
1277,second,second,JJ,xxxx
1278,quarter,quarter,NN,xxxx
1279,with,with,IN,xxxx
1280,a,a,DT,x
1281,balance,balance,NN,xxxx
1282,of,of,IN,xx
1283,about,about,RB,xxxx
1284,$,$,$,$
1285,140,140,CD,ddd
1286,million,million,CD,xxxx
1287,of,of,IN,xx
1288,excess,excess,JJ,xxxx
1289,end,end,NN,xxx
1290,-,-,HYPH,-
1291,user,user,NN,xxxx
1292,inventory,inventory,NN,xxxx
1293,"
","
",_SP,"
"
1294,We,-PRON-,PRP,Xx
1295,expect,expect,VBP,xxxx
1296,a,a,DT,x
1297,portion,portion,NN,xxxx
1298,of,of,IN,xx
1299,this,this,DT,xxxx
1300,excess,excess,JJ,xxxx
1301,inventory,inventory,NN,xxxx
1302,to,to,TO,xx
1303,deplete,deplete,VB,xxxx
1304,through,through,IN,xxxx
1305,the,the,DT,xxx
1306,remaining,remaining,NN,xxxx
1307,of,of,IN,xx
1308,the,the,DT,xxx
1309,year,year,NN,xxxx
1310,"
","
",_SP,"
"
1311,In,in,IN,Xx
1312,summary,summary,NN,xxxx
1313,",",",",",",","
1314,we,-PRON-,PRP,xx
1315,saw,see,VBD,xxx
1316,improvement,improvement,NN,xxxx
1317,in,in,IN,xx
1318,the,the,DT,xxx
1319,underlying,underlie,VBG,xxxx
1320,segment,segment,NN,xxxx
1321,performance,performance,NN,xxxx
1322,this,this,DT,xxxx
1323,quarter,quarter,NN,xxxx
1324,versus,versus,IN,xxxx
1325,the,the,DT,xxx
1326,prior,prior,JJ,xxxx
1327,quarter,quarter,NN,xxxx
1328,and,and,CC,xxx
1329,our,-PRON-,PRP$,xxx
1330,share,share,NN,xxxx
1331,trajectory,trajectory,NN,xxxx
1332,continues,continue,VBZ,xxxx
1333,as,as,RB,xx
1334,previously,previously,RB,xxxx
1335,projected,project,VBN,xxxx
1336,"
","
",_SP,"
"
1337,Enbrel,Enbrel,NNP,Xxxxx
1338,has,have,VBZ,xxx
1339,a,a,DT,x
1340,strong,strong,JJ,xxxx
1341,track,track,NN,xxxx
1342,record,record,NN,xxxx
1343,of,of,IN,xx
1344,safety,safety,NN,xxxx
1345,and,and,CC,xxx
1346,efficacy,efficacy,NN,xxxx
1347,in,in,IN,xx
1348,treating,treat,VBG,xxxx
1349,patients,patient,NNS,xxxx
1350,with,with,IN,xxxx
1351,rheumatoid,rheumatoid,JJ,xxxx
1352,arthritis,arthritis,NN,xxxx
1353,and,and,CC,xxx
1354,psoriasis,psoriasis,NN,xxxx
1355,"
","
",_SP,"
"
1356,We,-PRON-,PRP,Xx
1357,continue,continue,VBP,xxxx
1358,to,to,TO,xx
1359,believe,believe,VB,xxxx
1360,the,the,DT,xxx
1361,long,long,JJ,xxxx
1362,-,-,HYPH,-
1363,term,term,NN,xxxx
1364,dynamics,dynamic,NNS,xxxx
1365,are,be,VBP,xxx
1366,intact,intact,JJ,xxxx
1367,and,and,CC,xxx
1368,continue,continue,VBP,xxxx
1369,to,to,TO,xx
1370,invest,invest,VB,xxxx
1371,in,in,IN,xx
1372,Enbrel,Enbrel,NNP,Xxxxx
1373,to,to,TO,xx
1374,remain,remain,VB,xxxx
1375,competitive,competitive,JJ,xxxx
1376,in,in,IN,xx
1377,these,these,DT,xxxx
1378,growing,grow,VBG,xxxx
1379,segments,segment,NNS,xxxx
1380,"
","
",_SP,"
"
1381,Aranesp,Aranesp,NNP,Xxxxx
1382,grew,grow,VBD,xxxx
1383,6,6,CD,d
1384,%,%,NN,%
1385,year,year,NN,xxxx
1386,-,-,HYPH,-
1387,over,over,IN,xxxx
1388,-,-,HYPH,-
1389,year,year,NN,xxxx
1390,",",",",",",","
1391,primarily,primarily,RB,xxxx
1392,from,from,IN,xxxx
1393,volume,volume,NN,xxxx
1394,growth,growth,NN,xxxx
1395,",",",",",",","
1396,which,which,WDT,xxxx
1397,includes,include,VBZ,xxxx
1398,a,a,DT,x
1399,benefit,benefit,NN,xxxx
1400,from,from,IN,xxxx
1401,some,some,DT,xxxx
1402,timing,timing,NN,xxxx
1403,of,of,IN,xx
1404,tenders,tender,NNS,xxxx
1405,in,in,IN,xx
1406,certain,certain,JJ,xxxx
1407,markets,market,NNS,xxxx
1408,outside,outside,IN,xxxx
1409,the,the,DT,xxx
1410,U.S,U.S,NNP,X.X
1411,"
","
",_SP,"
"
1412,versus,versus,IN,xxxx
1413,the,the,DT,xxx
1414,prior,prior,JJ,xxxx
1415,year,year,NN,xxxx
1416,"
","
",_SP,"
"
1417,With,with,IN,Xxxx
1418,EPOGEN,EPOGEN,NNP,XXXX
1419,",",",",",",","
1420,we,-PRON-,PRP,xx
1421,'ve,have,VB,'xx
1422,been,be,VBN,xxxx
1423,executing,execute,VBG,xxxx
1424,our,-PRON-,PRP$,xxx
1425,lifecycle,lifecycle,NN,xxxx
1426,management,management,NN,xxxx
1427,strategy,strategy,NN,xxxx
1428,by,by,IN,xx
1429,successfully,successfully,RB,xxxx
1430,transitioning,transition,VBG,xxxx
1431,much,much,JJ,xxxx
1432,of,of,IN,xx
1433,the,the,DT,xxx
1434,dialysis,dialysis,NN,xxxx
1435,business,business,NN,xxxx
1436,to,to,IN,xx
1437,Aranesp,Aranesp,NNP,Xxxxx
1438,and,and,CC,xxx
1439,extending,extend,VBG,xxxx
1440,our,-PRON-,PRP$,xxx
1441,supply,supply,NN,xxxx
1442,contract,contract,NN,xxxx
1443,with,with,IN,xxxx
1444,DaVita,DaVita,NNP,XxXxxx
1445,through,through,IN,xxxx
1446,2022,2022,CD,dddd
1447,.,.,.,.
1448,The,the,DT,Xxx
1449,transition,transition,NN,xxxx
1450,to,to,IN,xx
1451,Aranesp,Aranesp,NNP,Xxxxx
1452,is,be,VBZ,xx
1453,largely,largely,RB,xxxx
1454,complete,complete,JJ,xxxx
1455,and,and,CC,xxx
1456,the,the,DT,xxx
1457,second,second,JJ,xxxx
1458,quarter,quarter,NN,xxxx
1459,year,year,NN,xxxx
1460,-,-,HYPH,-
1461,over,over,IN,xxxx
1462,-,-,HYPH,-
1463,year,year,NN,xxxx
1464,decline,decline,NN,xxxx
1465,in,in,IN,xx
1466,EPOGEN,EPOGEN,NNP,XXXX
1467,is,be,VBZ,xx
1468,primarily,primarily,RB,xxxx
1469,due,due,JJ,xxx
1470,to,to,IN,xx
1471,lower,low,JJR,xxxx
1472,net,net,JJ,xxx
1473,prices,price,NNS,xxxx
1474,as,as,IN,xx
1475,a,a,DT,x
1476,result,result,NN,xxxx
1477,of,of,IN,xx
1478,the,the,DT,xxx
1479,DaVita,DaVita,NNP,XxXxxx
1480,agreement,agreement,NN,xxxx
1481,"
","
",_SP,"
"
1482,We,-PRON-,PRP,Xx
1483,believe,believe,VBP,xxxx
1484,that,that,IN,xxxx
1485,for,for,IN,xxx
1486,now,now,RB,xxx
1487,our,-PRON-,PRP$,xxx
1488,EPOGEN,EPOGEN,NNP,XXXX
1489,volumes,volume,NNS,xxxx
1490,have,have,VBP,xxxx
1491,stabilized,stabilize,VBN,xxxx
1492,"
","
",_SP,"
"
1493,Sensipar,sensipar,JJ,Xxxxx
1494,year,year,NN,xxxx
1495,-,-,HYPH,-
1496,over,over,IN,xxxx
1497,-,-,HYPH,-
1498,year,year,NN,xxxx
1499,growth,growth,NN,xxxx
1500,of,of,IN,xx
1501,10,10,CD,dd
1502,%,%,NN,%
1503,was,be,VBD,xxx
1504,mainly,mainly,RB,xxxx
1505,due,due,JJ,xxx
1506,to,to,IN,xx
1507,net,net,JJ,xxx
1508,selling,selling,NN,xxxx
1509,price,price,NN,xxxx
1510,and,and,CC,xxx
1511,to,to,IN,xx
1512,a,a,DT,x
1513,lesser,less,JJR,xxxx
1514,extent,extent,NN,xxxx
1515,unit,unit,NN,xxxx
1516,growth,growth,NN,xxxx
1517,"
","
",_SP,"
"
1518,We,-PRON-,PRP,Xx
1519,continue,continue,VBP,xxxx
1520,to,to,TO,xx
1521,await,await,VB,xxxx
1522,CMS,CMS,NNP,XXX
1523,guidance,guidance,NN,xxxx
1524,on,on,IN,xx
1525,the,the,DT,xxx
1526,reimbursement,reimbursement,NN,xxxx
1527,mechanism,mechanism,NN,xxxx
1528,for,for,IN,xxx
1529,Parsabiv,Parsabiv,NNP,Xxxxx
1530,"
","
",_SP,"
"
1531,Parsabiv,Parsabiv,NNP,Xxxxx
1532,launch,launch,NN,xxxx
1533,is,be,VBZ,xx
1534,underway,underway,JJ,xxxx
1535,in,in,IN,xx
1536,Europe,Europe,NNP,Xxxxx
1537,with,with,IN,xxxx
1538,seven,seven,CD,xxxx
1539,markets,market,NNS,xxxx
1540,so,so,RB,xx
1541,far,far,RB,xxx
1542,and,and,CC,xxx
1543,three,three,CD,xxxx
1544,more,more,JJR,xxxx
1545,expected,expect,VBN,xxxx
1546,by,by,IN,xx
1547,year,year,NN,xxxx
1548,-,-,HYPH,-
1549,end,end,NN,xxx
1550,"
","
",_SP,"
"
1551,In,in,IN,Xx
1552,conclusion,conclusion,NN,xxxx
1553,",",",",",",","
1554,let,let,VB,xxx
1555,me,-PRON-,PRP,xx
1556,turn,turn,VB,xxxx
1557,to,to,IN,xx
1558,Repatha,Repatha,NNP,Xxxxx
1559,"
","
",_SP,"
"
1560,We,-PRON-,PRP,Xx
1561,continue,continue,VBP,xxxx
1562,to,to,TO,xx
1563,extend,extend,VB,xxxx
1564,our,-PRON-,PRP$,xxx
1565,market,market,NN,xxxx
1566,leadership,leadership,NN,xxxx
1567,across,across,IN,xxxx
1568,the,the,DT,xxx
1569,U.S,U.S,NNP,X.X
1570,"
","
",_SP,"
"
1571,and,and,CC,xxx
1572,Europe,Europe,NNP,Xxxxx
1573,"
","
",_SP,"
"
1574,We,-PRON-,PRP,Xx
1575,now,now,RB,xxx
1576,hold,hold,VBP,xxxx
1577,58,58,CD,dd
1578,%,%,NN,%
1579,share,share,NN,xxxx
1580,of,of,IN,xx
1581,the,the,DT,xxx
1582,PCSK9,pcsk9,NN,XXXXd
1583,segment,segment,NN,xxxx
1584,in,in,IN,xx
1585,both,both,DT,xxxx
1586,markets,market,NNS,xxxx
1587,",",",",",",","
1588,with,with,IN,xxxx
1589,sequential,sequential,JJ,xxxx
1590,growth,growth,NN,xxxx
1591,points,point,NNS,xxxx
1592,of,of,IN,xx
1593,4,4,CD,d
1594,%,%,NN,%
1595,in,in,IN,xx
1596,the,the,DT,xxx
1597,U.S,U.S,NNP,X.X
1598,"
","
",_SP,"
"
1599,and,and,CC,xxx
1600,2,2,CD,d
1601,points,point,NNS,xxxx
1602,in,in,IN,xx
1603,Europe,Europe,NNP,Xxxxx
1604,"
","
",_SP,"
"
1605,More,more,RBR,Xxxx
1606,importantly,importantly,RB,xxxx
1607,in,in,IN,xx
1608,the,the,DT,xxx
1609,U.S,U.S,NNP,X.X
1610,"
","
",_SP,"
"
1611,",",",",",",","
1612,new,new,JJ,xxx
1613,-,-,HYPH,-
1614,to,to,IN,xx
1615,-,-,HYPH,-
1616,brand,brand,NN,xxxx
1617,patient,patient,JJ,xxxx
1618,share,share,NN,xxxx
1619,averaged,average,VBD,xxxx
1620,70,70,CD,dd
1621,%,%,NN,%
1622,in,in,IN,xx
1623,the,the,DT,xxx
1624,second,second,JJ,xxxx
1625,quarter,quarter,NN,xxxx
1626,"
","
",_SP,"
"
1627,Since,since,IN,Xxxxx
1628,March,March,NNP,Xxxxx
1629,",",",",",",","
1630,and,and,CC,xxx
1631,the,the,DT,xxx
1632,presentation,presentation,NN,xxxx
1633,of,of,IN,xx
1634,the,the,DT,xxx
1635,positive,positive,JJ,xxxx
1636,Repatha,Repatha,NNP,Xxxxx
1637,outcomes,outcome,VBZ,xxxx
1638,data,datum,NNS,xxxx
1639,",",",",",",","
1640,we,-PRON-,PRP,xx
1641,have,have,VBP,xxxx
1642,been,be,VBN,xxxx
1643,engaging,engage,VBG,xxxx
1644,with,with,IN,xxxx
1645,payers,payer,NNS,xxxx
1646,to,to,TO,xx
1647,improve,improve,VB,xxxx
1648,their,-PRON-,PRP$,xxxx
1649,utilization,utilization,NN,xxxx
1650,of,of,IN,xx
1651,management,management,NN,xxxx
1652,criteria,criterion,NNS,xxxx
1653,and,and,CC,xxx
1654,processes,process,NNS,xxxx
1655,to,to,TO,xx
1656,improve,improve,VB,xxxx
1657,access,access,NN,xxxx
1658,for,for,IN,xxx
1659,appropriate,appropriate,JJ,xxxx
1660,patients,patient,NNS,xxxx
1661,"
","
",_SP,"
"
1662,Payers,payer,NNS,Xxxxx
1663,and,and,CC,xxx
1664,PBMs,pbm,NNS,XXXx
1665,acknowledge,acknowledge,VBP,xxxx
1666,the,the,DT,xxx
1667,benefit,benefit,NN,xxxx
1668,to,to,IN,xx
1669,patients,patient,NNS,xxxx
1670,demonstrated,demonstrate,VBN,xxxx
1671,by,by,IN,xx
1672,the,the,DT,xxx
1673,outcomes,outcome,NNS,xxxx
1674,data,datum,NNS,xxxx
1675,and,and,CC,xxx
1676,are,be,VBP,xxx
1677,evaluating,evaluate,VBG,xxxx
1678,changes,change,NNS,xxxx
1679,to,to,IN,xx
1680,their,-PRON-,PRP$,xxxx
1681,processes,process,NNS,xxxx
1682,"
","
",_SP,"
"
1683,We,-PRON-,PRP,Xx
1684,continue,continue,VBP,xxxx
1685,to,to,TO,xx
1686,believe,believe,VB,xxxx
1687,that,that,IN,xxxx
1688,Repatha,Repatha,NNP,Xxxxx
1689,will,will,MD,xxxx
1690,grow,grow,VB,xxxx
1691,steadily,steadily,RB,xxxx
1692,as,as,IN,xx
1693,guidelines,guideline,NNS,xxxx
1694,and,and,CC,xxx
1695,clinical,clinical,JJ,xxxx
1696,pathways,pathway,NNS,xxxx
1697,are,be,VBP,xxx
1698,revised,revise,VBN,xxxx
1699,and,and,CC,xxx
1700,the,the,DT,xxx
1701,outcome,outcome,NN,xxxx
1702,data,datum,NNS,xxxx
1703,are,be,VBP,xxx
1704,in,in,IN,xx
1705,our,-PRON-,PRP$,xxx
1706,label,label,NN,xxxx
1707,"
","
",_SP,"
"
1708,We,-PRON-,PRP,Xx
1709,look,look,VBP,xxxx
1710,forward,forward,RB,xxxx
1711,to,to,IN,xx
1712,the,the,DT,xxx
1713,publication,publication,NN,xxxx
1714,of,of,IN,xx
1715,the,the,DT,xxx
1716,final,final,JJ,xxxx
1717,update,update,NN,xxxx
1718,of,of,IN,xx
1719,the,the,DT,xxx
1720,ACC,ACC,NNP,XXX
1721,Expert,Expert,NNP,Xxxxx
1722,Consensus,Consensus,NNP,Xxxxx
1723,Decision,Decision,NNP,Xxxxx
1724,Pathway,Pathway,NNP,Xxxxx
1725,",",",",",",","
1726,an,an,DT,xx
1727,important,important,JJ,xxxx
1728,reference,reference,NN,xxxx
1729,for,for,IN,xxx
1730,physicians,physician,NNS,xxxx
1731,"
","
",_SP,"
"
1732,Cardiovascular,cardiovascular,JJ,Xxxxx
1733,disease,disease,NN,xxxx
1734,continues,continue,VBZ,xxxx
1735,to,to,TO,xx
1736,be,be,VB,xx
1737,the,the,DT,xxx
1738,number,number,NN,xxxx
1739,one,one,CD,xxx
1740,cause,cause,NN,xxxx
1741,of,of,IN,xx
1742,death,death,NN,xxxx
1743,and,and,CC,xxx
1744,disability,disability,NN,xxxx
1745,in,in,IN,xx
1746,the,the,DT,xxx
1747,world,world,NN,xxxx
1748,"
","
",_SP,"
"
1749,Repatha,Repatha,NNP,Xxxxx
1750,has,have,VBZ,xxx
1751,the,the,DT,xxx
1752,potential,potential,NN,xxxx
1753,to,to,TO,xx
1754,help,help,VB,xxxx
1755,millions,million,NNS,xxxx
1756,of,of,IN,xx
1757,patients,patient,NNS,xxxx
1758,around,around,IN,xxxx
1759,the,the,DT,xxx
1760,world,world,NN,xxxx
1761,dealing,deal,VBG,xxxx
1762,with,with,IN,xxxx
1763,this,this,DT,xxxx
1764,grievous,grievous,JJ,xxxx
1765,illness,illness,NN,xxxx
1766,"
","
",_SP,"
"
1767,Let,let,VB,Xxx
1768,me,-PRON-,PRP,xx
1769,close,close,VB,xxxx
1770,by,by,IN,xx
1771,thanking,thank,VBG,xxxx
1772,all,all,PDT,xxx
1773,the,the,DT,xxx
1774,Amgen,Amgen,NNP,Xxxxx
1775,staff,staff,NN,xxxx
1776,who,who,WP,xxx
1777,worked,work,VBD,xxxx
1778,so,so,RB,xx
1779,hard,hard,RB,xxxx
1780,and,and,CC,xxx
1781,tirelessly,tirelessly,RB,xxxx
1782,to,to,TO,xx
1783,get,get,VB,xxx
1784,important,important,JJ,xxxx
1785,products,product,NNS,xxxx
1786,to,to,IN,xx
1787,patients,patient,NNS,xxxx
1788,around,around,IN,xxxx
1789,the,the,DT,xxx
1790,world,world,NN,xxxx
1791,"
","
",_SP,"
"
1792,I,-PRON-,PRP,X
1793,'ll,will,MD,'xx
1794,now,now,RB,xxx
1795,provide,provide,VB,xxxx
1796,you,-PRON-,PRP,xxx
1797,(,(,-LRB-,(
1798,26:00,26:00,CD,dd:dd
1799,),),-RRB-,)
1800,to,to,IN,xx
1801,Dr,Dr,NNP,Xx
1802,"
","
",_SP,"
"
1803,Matt,Matt,NNP,Xxxx
1804,",",",",",",","
1805,it,-PRON-,PRP,xx
1806,'s,be,VBZ,'x
1807,Tony,Tony,NNP,Xxxx
1808,"
","
",_SP,"
"
1809,So,so,CC,Xx
1810,let,let,VB,xxx
1811,me,-PRON-,PRP,xx
1812,get,get,VB,xxx
1813,back,back,RB,xxxx
1814,to,to,IN,xx
1815,discussing,discuss,VBG,xxxx
1816,the,the,DT,xxx
1817,inventory,inventory,NN,xxxx
1818,"
","
",_SP,"
"
1819,So,so,RB,Xx
1820,inventory,inventory,JJ,xxxx
1821,",",",",",",","
1822,as,as,IN,xx
1823,we,-PRON-,PRP,xx
1824,said,say,VBD,xxxx
1825,",",",",",",","
1826,we,-PRON-,PRP,xx
1827,report,report,VBP,xxxx
1828,at,at,IN,xx
1829,a,a,DT,x
1830,point,point,NN,xxxx
1831,in,in,IN,xx
1832,time,time,NN,xxxx
1833,"
","
",_SP,"
"
1834,So,so,RB,Xx
1835,it,-PRON-,PRP,xx
1836,'s,be,VBZ,'x
1837,either,either,CC,xxxx
1838,on,on,IN,xx
1839,March,March,NNP,Xxxxx
1840,31,31,CD,dd
1841,or,or,CC,xx
1842,it,-PRON-,PRP,xx
1843,is,be,VBZ,xx
1844,June,June,NNP,Xxxx
1845,30,30,CD,dd
1846,.,.,.,.
1847,So,so,RB,Xx
1848,it,-PRON-,PRP,xx
1849,'s,be,VBZ,'x
1850,an,an,DT,xx
1851,endpoint,endpoint,NN,xxxx
1852,"
","
",_SP,"
"
1853,What,what,WP,Xxxx
1854,we,-PRON-,PRP,xx
1855,have,have,VBP,xxxx
1856,in,in,IN,xx
1857,hand,hand,NN,xxxx
1858,is,be,VBZ,xx
1859,we,-PRON-,PRP,xx
1860,know,know,VBP,xxxx
1861,exactly,exactly,RB,xxxx
1862,what,what,WP,xxxx
1863,the,the,DT,xxx
1864,revenue,revenue,NN,xxxx
1865,numbers,number,NNS,xxxx
1866,are,be,VBP,xxx
1867,in,in,IN,xx
1868,terms,term,NNS,xxxx
1869,of,of,IN,xx
1870,ex,ex,NN,xx
1871,-,-,JJ,-
1872,factory,factory,NN,xxxx
1873,sales,sale,NNS,xxxx
1874,"
","
",_SP,"
"
1875,We,-PRON-,PRP,Xx
1876,also,also,RB,xxxx
1877,understand,understand,VBP,xxxx
1878,what,what,WP,xxxx
1879,our,-PRON-,PRP$,xxx
1880,in,in,IN,xx
1881,-,-,HYPH,-
1882,market,market,NN,xxxx
1883,demand,demand,NN,xxxx
1884,is,be,VBZ,xx
1885,based,base,VBN,xxxx
1886,on,on,IN,xx
1887,the,the,DT,xxx
1888,IMS,IMS,NNP,XXX
1889,retail,retail,JJ,xxxx
1890,prescriptions,prescription,NNS,xxxx
1891,",",",",",",","
1892,which,which,WDT,xxxx
1893,are,be,VBP,xxx
1894,about,about,RB,xxxx
1895,90,90,CD,dd
1896,%,%,NN,%
1897,accurate,accurate,JJ,xxxx
1898,and,and,CC,xxx
1899,10,10,CD,dd
1900,%,%,NN,%
1901,predicted,predict,VBD,xxxx
1902,"
","
",_SP,"
"
1903,We,-PRON-,PRP,Xx
1904,also,also,RB,xxxx
1905,understand,understand,VBP,xxxx
1906,exactly,exactly,RB,xxxx
1907,what,what,WP,xxxx
1908,is,be,VBZ,xx
1909,held,hold,VBN,xxxx
1910,by,by,IN,xx
1911,the,the,DT,xxx
1912,wholesalers,wholesaler,NNS,xxxx
1913,because,because,IN,xxxx
1914,of,of,IN,xx
1915,our,-PRON-,PRP$,xxx
1916,contracts,contract,NNS,xxxx
1917,with,with,IN,xxxx
1918,them,-PRON-,PRP,xxxx
1919,and,and,CC,xxx
1920,the,the,DT,xxx
1921,triangulation,triangulation,NN,xxxx
1922,between,between,IN,xxxx
1923,how,how,WRB,xxx
1924,much,much,JJ,xxxx
1925,has,have,VBZ,xxx
1926,been,be,VBN,xxxx
1927,sold,sell,VBN,xxxx
1928,from,from,IN,xxxx
1929,wholesalers,wholesaler,NNS,xxxx
1930,to,to,TO,xx
1931,end,end,VB,xxx
1932,users,user,NNS,xxxx
1933,minus,minus,CC,xxxx
1934,the,the,DT,xxx
1935,demand,demand,NN,xxxx
1936,leaves,leave,VBZ,xxxx
1937,us,-PRON-,PRP,xx
1938,with,with,IN,xxxx
1939,a,a,DT,x
1940,number,number,NN,xxxx
1941,which,which,WDT,xxxx
1942,we,-PRON-,PRP,xx
1943,then,then,RB,xxxx
1944,extrapolate,extrapolate,VBP,xxxx
1945,as,as,IN,xx
1946,being,be,VBG,xxxx
1947,the,the,DT,xxx
1948,end,end,NN,xxx
1949,-,-,HYPH,-
1950,user,user,NN,xxxx
1951,inventory,inventory,NN,xxxx
1952,"
","
",_SP,"
"
1953,So,so,RB,Xx
1954,clearly,clearly,RB,xxxx
1955,what,what,WP,xxxx
1956,happens,happen,VBZ,xxxx
1957,is,be,VBZ,xx
1958,",",",",",",","
1959,at,at,IN,xx
1960,the,the,DT,xxx
1961,beginning,beginning,NN,xxxx
1962,of,of,IN,xx
1963,the,the,DT,xxx
1964,quarter,quarter,NN,xxxx
1965,",",",",",",","
1966,there,there,EX,xxxx
1967,'s,be,VBZ,'x
1968,a,a,DT,x
1969,drawdown,drawdown,NN,xxxx
1970,of,of,IN,xx
1971,that,that,DT,xxxx
1972,inventory,inventory,NN,xxxx
1973,",",",",",",","
1974,which,which,WDT,xxxx
1975,we,-PRON-,PRP,xx
1976,did,do,VBD,xxx
1977,see,see,VB,xxx
1978,in,in,IN,xx
1979,April,April,NNP,Xxxxx
1980,-,-,HYPH,-
1981,May,May,NNP,Xxx
1982,this,this,DT,xxxx
1983,year,year,NN,xxxx
1984,",",",",",",","
1985,and,and,CC,xxx
1986,then,then,RB,xxxx
1987,there,there,EX,xxxx
1988,appeared,appear,VBD,xxxx
1989,to,to,TO,xx
1990,be,be,VB,xx
1991,a,a,DT,x
1992,build,build,NN,xxxx
1993,towards,towards,IN,xxxx
1994,the,the,DT,xxx
1995,end,end,NN,xxx
1996,of,of,IN,xx
1997,June,June,NNP,Xxxx
1998,"
","
",_SP,"
"
1999,So,so,RB,Xx
2000,what,what,WP,xxxx
2001,I,-PRON-,PRP,X
2002,'m,be,VBP,'x
2003,saying,say,VBG,xxxx
2004,is,be,VBZ,xx
2005,we,-PRON-,PRP,xx
2006,ended,end,VBD,xxxx
2007,the,the,DT,xxx
2008,quarter,quarter,NN,xxxx
2009,with,with,IN,xxxx
2010,an,an,DT,xx
2011,excess,excess,NN,xxxx
2012,of,of,IN,xx
2013,about,about,RB,xxxx
2014,$,$,$,$
2015,140,140,CD,ddd
2016,million,million,CD,xxxx
2017,of,of,IN,xx
2018,inventory,inventory,NN,xxxx
2019,",",",",",",","
2020,which,which,WDT,xxxx
2021,I,-PRON-,PRP,X
2022,would,would,MD,xxxx
2023,expect,expect,VB,xxxx
2024,to,to,TO,xx
2025,burn,burn,VB,xxxx
2026,off,off,RP,xxx
2027,the,the,DT,xxx
2028,majority,majority,NN,xxxx
2029,of,of,IN,xx
2030,that,that,DT,xxxx
2031,during,during,IN,xxxx
2032,the,the,DT,xxx
2033,rest,rest,NN,xxxx
2034,of,of,IN,xx
2035,the,the,DT,xxx
2036,year,year,NN,xxxx
2037,"
","
",_SP,"
"
2038,So,so,CC,Xx
2039,I,-PRON-,PRP,X
2040,mean,mean,VBP,xxxx
2041,",",",",",",","
2042,it,-PRON-,PRP,xx
2043,'s,be,VBZ,'x
2044,clear,clear,JJ,xxxx
2045,to,to,IN,xx
2046,us,-PRON-,PRP,xx
2047,",",",",",",","
2048,Eric,Eric,NNP,Xxxx
2049,",",",",",",","
2050,that,that,IN,xxxx
2051,in,in,IN,xx
2052,our,-PRON-,PRP$,xxx
2053,discussion,discussion,NN,xxxx
2054,with,with,IN,xxxx
2055,the,the,DT,xxx
2056,payers,payer,NNS,xxxx
2057,",",",",",",","
2058,they,-PRON-,PRP,xxxx
2059,do,do,VBP,xx
2060,pay,pay,VB,xxx
2061,very,very,RB,xxxx
2062,careful,careful,JJ,xxxx
2063,attention,attention,NN,xxxx
2064,to,to,IN,xx
2065,position,position,NN,xxxx
2066,papers,paper,NNS,xxxx
2067,and,and,CC,xxx
2068,the,the,DT,xxx
2069,guidelines,guideline,NNS,xxxx
2070,coming,come,VBG,xxxx
2071,from,from,IN,xxxx
2072,these,these,DT,xxxx
2073,bodies,body,NNS,xxxx
2074,"
","
",_SP,"
"
2075,And,and,CC,Xxx
2076,the,the,DT,xxx
2077,National,National,NNP,Xxxxx
2078,Lipid,Lipid,NNP,Xxxxx
2079,Association,Association,NNP,Xxxxx
2080,is,be,VBZ,xx
2081,a,a,DT,x
2082,subdivision,subdivision,NN,xxxx
2083,of,of,IN,xx
2084,the,the,DT,xxx
2085,AHA,AHA,NNP,XXX
2086,"
","
",_SP,"
"
2087,So,so,RB,Xx
2088,it,-PRON-,PRP,xx
2089,'s,be,VBZ,'x
2090,clear,clear,JJ,xxxx
2091,that,that,IN,xxxx
2092,they,-PRON-,PRP,xxxx
2093,'re,be,VBP,'xx
2094,making,make,VBG,xxxx
2095,those,those,DT,xxxx
2096,decisions,decision,NNS,xxxx
2097,on,on,IN,xx
2098,that,that,DT,xxxx
2099,regard,regard,NN,xxxx
2100,"
","
",_SP,"
"
2101,The,the,DT,Xxx
2102,ACC,ACC,NNP,XXX
2103,",",",",",",","
2104,of,of,IN,xx
2105,course,course,NN,xxxx
2106,",",",",",",","
2107,has,have,VBZ,xxx
2108,always,always,RB,xxxx
2109,been,be,VBN,xxxx
2110,the,the,DT,xxx
2111,grand,grand,NN,xxxx
2112,-,-,HYPH,-
2113,daddy,daddy,NN,xxxx
2114,of,of,IN,xx
2115,guidelines,guideline,NNS,xxxx
2116,and,and,CC,xxx
2117,people,people,NNS,xxxx
2118,will,will,MD,xxxx
2119,pay,pay,VB,xxx
2120,definitive,definitive,JJ,xxxx
2121,attention,attention,NN,xxxx
2122,and,and,CC,xxx
2123,look,look,VB,xxxx
2124,at,at,IN,xx
2125,how,how,WRB,xxx
2126,they,-PRON-,PRP,xxxx
2127,will,will,MD,xxxx
2128,be,be,VB,xx
2129,actually,actually,RB,xxxx
2130,servicing,service,VBG,xxxx
2131,patients,patient,NNS,xxxx
2132,aligned,align,VBN,xxxx
2133,with,with,IN,xxxx
2134,these,these,DT,xxxx
2135,position,position,NN,xxxx
2136,papers,paper,NNS,xxxx
2137,or,or,CC,xx
2138,pathways,pathway,NNS,xxxx
2139,that,that,WDT,xxxx
2140,the,the,DT,xxx
2141,ACC,ACC,NNP,XXX
2142,are,be,VBP,xxx
2143,put,put,VBN,xxx
2144,into,into,IN,xxxx
2145,place,place,NN,xxxx
2146,"
","
",_SP,"
"
2147,So,so,RB,Xx
2148,we,-PRON-,PRP,xx
2149,'re,be,VBP,'xx
2150,working,work,VBG,xxxx
2151,extensively,extensively,RB,xxxx
2152,with,with,IN,xxxx
2153,them,-PRON-,PRP,xxxx
2154,at,at,IN,xx
2155,the,the,DT,xxx
2156,moment,moment,NN,xxxx
2157,"
","
",_SP,"
"
2158,As,as,IN,Xx
2159,Sean,Sean,NNP,Xxxx
2160,says,say,VBZ,xxxx
2161,",",",",",",","
2162,as,as,IN,xx
2163,the,the,DT,xxx
2164,weight,weight,NN,xxxx
2165,of,of,IN,xx
2166,evidence,evidence,NN,xxxx
2167,continues,continue,VBZ,xxxx
2168,to,to,TO,xx
2169,build,build,VB,xxxx
2170,around,around,IN,xxxx
2171,the,the,DT,xxx
2172,importance,importance,NN,xxxx
2173,of,of,IN,xx
2174,delivering,deliver,VBG,xxxx
2175,Repatha,Repatha,NNP,Xxxxx
2176,to,to,IN,xx
2177,patients,patient,NNS,xxxx
2178,who,who,WP,xxx
2179,do,do,VBP,xx
2180,have,have,VB,xxxx
2181,this,this,DT,xxxx
2182,particular,particular,JJ,xxxx
2183,disease,disease,NN,xxxx
2184,"
","
",_SP,"
"
2185,So,so,RB,Xx
2186,",",",",",",","
2187,Geoff,Geoff,NNP,Xxxxx
2188,",",",",",",","
2189,it,-PRON-,PRP,xx
2190,'s,be,VBZ,'x
2191,Tony,Tony,NNP,Xxxx
2192,"
","
",_SP,"
"
2193,I,-PRON-,PRP,X
2194,mean,mean,VBP,xxxx
2195,",",",",",",","
2196,one,one,CD,xxx
2197,",",",",",",","
2198,we,-PRON-,PRP,xx
2199,'ve,have,VB,'xx
2200,never,never,RB,xxxx
2201,given,give,VBN,xxxx
2202,pricing,pricing,NN,xxxx
2203,guidance,guidance,NN,xxxx
2204,prior,prior,RB,xxxx
2205,to,to,IN,xx
2206,a,a,DT,x
2207,launch,launch,NN,xxxx
2208,"
","
",_SP,"
"
2209,Aimovig,Aimovig,NNP,Xxxxx
2210,is,be,VBZ,xx
2211,going,go,VBG,xxxx
2212,into,into,IN,xxxx
2213,a,a,DT,x
2214,patient,patient,JJ,xxxx
2215,population,population,NN,xxxx
2216,that,that,WDT,xxxx
2217,are,be,VBP,xxx
2218,uniquely,uniquely,RB,xxxx
2219,different,different,JJ,xxxx
2220,from,from,IN,xxxx
2221,a,a,DT,x
2222,symptomatic,symptomatic,JJ,xxxx
2223,perspective,perspective,NN,xxxx
2224,",",",",",",","
2225,right,right,JJ,xxxx
2226,"
","
",_SP,"
"
2227,So,so,CC,Xx
2228,we,-PRON-,PRP,xx
2229,estimate,estimate,VBP,xxxx
2230,about,about,RB,xxxx
2231,3.4,3.4,CD,d.d
2232,million,million,CD,xxxx
2233,patients,patient,NNS,xxxx
2234,presently,presently,RB,xxxx
2235,on,on,IN,xx
2236,prophylactic,prophylactic,JJ,xxxx
2237,treatment,treatment,NN,xxxx
2238,for,for,IN,xxx
2239,migraine,migraine,NNP,xxxx
2240,",",",",",",","
2241,both,both,CC,xxxx
2242,episodic,episodic,JJ,xxxx
2243,and,and,CC,xxx
2244,chronic,chronic,JJ,xxxx
2245,",",",",",",","
2246,which,which,WDT,xxxx
2247,is,be,VBZ,xx
2248,a,a,DT,x
2249,crippling,crippling,JJ,xxxx
2250,disease,disease,NN,xxxx
2251,resulting,result,VBG,xxxx
2252,in,in,IN,xx
2253,mothers,mother,NNS,xxxx
2254,not,not,RB,xxx
2255,being,be,VBG,xxxx
2256,able,able,JJ,xxxx
2257,to,to,TO,xx
2258,be,be,VB,xx
2259,mothers,mother,NNS,xxxx
2260,",",",",",",","
2261,or,or,CC,xx
2262,employees,employee,NNS,xxxx
2263,not,not,RB,xxx
2264,being,be,VBG,xxxx
2265,able,able,JJ,xxxx
2266,to,to,TO,xx
2267,do,do,VB,xx
2268,their,-PRON-,PRP$,xxxx
2269,work,work,NN,xxxx
2270,"
","
",_SP,"
"
2271,And,and,CC,Xxx
2272,our,-PRON-,PRP$,xxx
2273,discussions,discussion,NNS,xxxx
2274,have,have,VBP,xxxx
2275,been,be,VBN,xxxx
2276,with,with,IN,xxxx
2277,payers,payer,NNS,xxxx
2278,from,from,IN,xxxx
2279,a,a,DT,x
2280,clinical,clinical,JJ,xxxx
2281,perspective,perspective,NN,xxxx
2282,at,at,IN,xx
2283,this,this,DT,xxxx
2284,particular,particular,JJ,xxxx
2285,stage,stage,NN,xxxx
2286,as,as,IN,xx
2287,we,-PRON-,PRP,xx
2288,move,move,VBP,xxxx
2289,things,thing,NNS,xxxx
2290,forward,forward,RB,xxxx
2291,"
","
",_SP,"
"
2292,And,and,CC,Xxx
2293,there,there,EX,xxxx
2294,'s,be,VBZ,'x
2295,a,a,DT,x
2296,huge,huge,JJ,xxxx
2297,unmet,unmet,JJ,xxxx
2298,need,need,NN,xxxx
2299,",",",",",",","
2300,and,and,CC,xxx
2301,we,-PRON-,PRP,xx
2302,'re,be,VBP,'xx
2303,busy,busy,JJ,xxxx
2304,developing,develop,VBG,xxxx
2305,our,-PRON-,PRP$,xxx
2306,pharmaco,pharmaco,NN,xxxx
2307,-,-,HYPH,-
2308,economic,economic,JJ,xxxx
2309,value,value,NN,xxxx
2310,-,-,HYPH,-
2311,based,base,VBN,xxxx
2312,pricing,pricing,NN,xxxx
2313,models,model,NNS,xxxx
2314,for,for,IN,xxx
2315,this,this,DT,xxxx
2316,particular,particular,JJ,xxxx
2317,disease,disease,NN,xxxx
2318,"
","
",_SP,"
"
2319,It,-PRON-,PRP,Xx
2320,'s,be,VBZ,'x
2321,going,go,VBG,xxxx
2322,to,to,TO,xx
2323,be,be,VB,xx
2324,a,a,DT,x
2325,competitive,competitive,JJ,xxxx
2326,market,market,NN,xxxx
2327,"
","
",_SP,"
"
2328,That,that,IN,Xxxx
2329,we,-PRON-,PRP,xx
2330,understand,understand,VBP,xxxx
2331,"
","
",_SP,"
"
2332,But,but,CC,Xxx
2333,our,-PRON-,PRP$,xxx
2334,pricing,pricing,NN,xxxx
2335,will,will,MD,xxxx
2336,be,be,VB,xx
2337,made,make,VBN,xxxx
2338,as,as,IN,xx
2339,we,-PRON-,PRP,xx
2340,get,get,VBP,xxx
2341,closer,close,JJR,xxxx
2342,to,to,IN,xx
2343,the,the,DT,xxx
2344,launch,launch,NN,xxxx
2345,time,time,NN,xxxx
2346,"
","
",_SP,"
"
2347,So,so,RB,Xx
2348,when,when,WRB,xxxx
2349,we,-PRON-,PRP,xx
2350,look,look,VBP,xxxx
2351,at,at,IN,xx
2352,the,the,DT,xxx
2353,actual,actual,JJ,xxxx
2354,usage,usage,NN,xxxx
2355,in,in,IN,xx
2356,the,the,DT,xxx
2357,marketplace,marketplace,NN,xxxx
2358,",",",",",",","
2359,right,right,UH,xxxx
2360,",",",",",",","
2361,there,there,EX,xxxx
2362,are,be,VBP,xxx
2363,sort,sort,RB,xxxx
2364,of,of,RB,xx
2365,three,three,CD,xxxx
2366,patient,patient,JJ,xxxx
2367,segments,segment,NNS,xxxx
2368,that,that,WDT,xxxx
2369,are,be,VBP,xxx
2370,pathing,pathe,VBG,xxxx
2371,to,to,IN,xx
2372,us,-PRON-,PRP,xx
2373,that,that,WDT,xxxx
2374,are,be,VBP,xxx
2375,clearly,clearly,RB,xxxx
2376,indicated,indicate,VBN,xxxx
2377,inside,inside,IN,xxxx
2378,the,the,DT,xxx
2379,label,label,NN,xxxx
2380,",",",",",",","
2381,and,and,CC,xxx
2382,aware,aware,JJ,xxxx
2383,physicians,physician,NNS,xxxx
2384,are,be,VBP,xxx
2385,starting,start,VBG,xxxx
2386,to,to,TO,xx
2387,understand,understand,VB,xxxx
2388,they,-PRON-,PRP,xxxx
2389,'re,be,VBP,'xx
2390,important,important,JJ,xxxx
2391,to,to,TO,xx
2392,treat,treat,VB,xxxx
2393,",",",",",",","
2394,right,right,UH,xxxx
2395,"
","
",_SP,"
"
2396,These,these,DT,Xxxxx
2397,are,be,VBP,xxx
2398,patients,patient,NNS,xxxx
2399,who,who,WP,xxx
2400,have,have,VBP,xxxx
2401,ASCVD,ASCVD,NNP,XXXX
2402,",",",",",",","
2403,who,who,WP,xxx
2404,'ve,have,VB,'xx
2405,had,have,VBN,xxx
2406,two,two,CD,xxx
2407,events,event,NNS,xxxx
2408,in,in,IN,xx
2409,the,the,DT,xxx
2410,last,last,JJ,xxxx
2411,24,24,CD,dd
2412,months,month,NNS,xxxx
2413,",",",",",",","
2414,clearly,clearly,RB,xxxx
2415,high,high,JJ,xxxx
2416,-,-,HYPH,-
2417,risk,risk,NN,xxxx
2418,patients,patient,NNS,xxxx
2419,or,or,CC,xx
2420,what,what,WP,xxxx
2421,we,-PRON-,PRP,xx
2422,call,call,VBP,xxxx
2423,higher,high,JJR,xxxx
2424,high,high,JJ,xxxx
2425,-,-,HYPH,-
2426,risk,risk,NN,xxxx
2427,patients,patient,NNS,xxxx
2428,"
","
",_SP,"
"
2429,They,-PRON-,PRP,Xxxx
2430,are,be,VBP,xxx
2431,those,those,DT,xxxx
2432,who,who,WP,xxx
2433,have,have,VBP,xxxx
2434,ACS,ACS,NNP,XXX
2435,who,who,WP,xxx
2436,have,have,VBP,xxxx
2437,had,have,VBN,xxx
2438,an,an,DT,xx
2439,event,event,NN,xxxx
2440,in,in,IN,xx
2441,the,the,DT,xxx
2442,last,last,JJ,xxxx
2443,year,year,NN,xxxx
2444,or,or,CC,xx
2445,so,so,RB,xx
2446,with,with,IN,xxxx
2447,ASCVD,ASCVD,NNP,XXXX
2448,"
","
",_SP,"
"
2449,And,and,CC,Xxx
2450,then,then,RB,xxxx
2451,there,there,EX,xxxx
2452,'s,be,VBZ,'x
2453,the,the,DT,xxx
2454,FH,FH,NNP,XX
2455,population,population,NN,xxxx
2456,"
","
",_SP,"
"
2457,And,and,CC,Xxx
2458,that,that,DT,xxxx
2459,'s,be,VBZ,'x
2460,a,a,DT,x
2461,fairly,fairly,RB,xxxx
2462,large,large,JJ,xxxx
2463,population,population,NN,xxxx
2464,",",",",",",","
2465,and,and,CC,xxx
2466,we,-PRON-,PRP,xx
2467,'ve,have,VB,'xx
2468,seen,see,VBN,xxxx
2469,the,the,DT,xxx
2470,majority,majority,NN,xxxx
2471,of,of,IN,xx
2472,our,-PRON-,PRP$,xxx
2473,patients,patient,NNS,xxxx
2474,coming,come,VBG,xxxx
2475,from,from,IN,xxxx
2476,that,that,DT,xxxx
2477,group,group,NN,xxxx
2478,at,at,IN,xx
2479,the,the,DT,xxx
2480,moment,moment,NN,xxxx
2481,"
","
",_SP,"
"
2482,If,if,IN,Xx
2483,you,-PRON-,PRP,xxx
2484,look,look,VBP,xxxx
2485,at,at,IN,xx
2486,the,the,DT,xxx
2487,NRx,NRx,NNP,XXx
2488,data,datum,NNS,xxxx
2489,",",",",",",","
2490,which,which,WDT,xxxx
2491,is,be,VBZ,xx
2492,really,really,RB,xxxx
2493,looking,look,VBG,xxxx
2494,at,at,IN,xx
2495,the,the,DT,xxx
2496,new,new,JJ,xxx
2497,-,-,HYPH,-
2498,to,to,IN,xx
2499,-,-,HYPH,-
2500,brand,brand,NN,xxxx
2501,prescriptions,prescription,NNS,xxxx
2502,in,in,IN,xx
2503,terms,term,NNS,xxxx
2504,of,of,IN,xx
2505,new,new,JJ,xxx
2506,patient,patient,JJ,xxxx
2507,capture,capture,NN,xxxx
2508,",",",",",",","
2509,you,-PRON-,PRP,xxx
2510,are,be,VBP,xxx
2511,seeing,see,VBG,xxxx
2512,that,that,IN,xxxx
2513,we,-PRON-,PRP,xx
2514,are,be,VBP,xxx
2515,gaining,gain,VBG,xxxx
2516,market,market,NN,xxxx
2517,share,share,NN,xxxx
2518,there,there,RB,xxxx
2519,and,and,CC,xxx
2520,gaining,gain,VBG,xxxx
2521,traction,traction,NN,xxxx
2522,consistency,consistency,NN,xxxx
2523,in,in,IN,xx
2524,terms,term,NNS,xxxx
2525,of,of,IN,xx
2526,getting,get,VBG,xxxx
2527,patients,patient,NNS,xxxx
2528,"
","
",_SP,"
"
2529,When,when,WRB,Xxxx
2530,you,-PRON-,PRP,xxx
2531,look,look,VBP,xxxx
2532,inside,inside,IN,xxxx
2533,the,the,DT,xxx
2534,data,datum,NNS,xxxx
2535,and,and,CC,xxx
2536,you,-PRON-,PRP,xxx
2537,see,see,VBP,xxx
2538,that,that,IN,xxxx
2539,our,-PRON-,PRP$,xxx
2540,abandonment,abandonment,NN,xxxx
2541,rate,rate,NN,xxxx
2542,by,by,IN,xx
2543,commercial,commercial,JJ,xxxx
2544,patients,patient,NNS,xxxx
2545,has,have,VBZ,xxx
2546,gone,go,VBN,xxxx
2547,down,down,RB,xxxx
2548,to,to,IN,xx
2549,about,about,IN,xxxx
2550,24,24,CD,dd
2551,%,%,NN,%
2552,",",",",",",","
2553,it,-PRON-,PRP,xx
2554,is,be,VBZ,xx
2555,clear,clear,JJ,xxxx
2556,that,that,IN,xxxx
2557,we,-PRON-,PRP,xx
2558,are,be,VBP,xxx
2559,assisting,assist,VBG,xxxx
2560,patients,patient,NNS,xxxx
2561,who,who,WP,xxx
2562,ca,can,MD,xx
2563,n't,not,RB,x'x
2564,afford,afford,VB,xxxx
2565,their,-PRON-,PRP$,xxxx
2566,co,co,NN,xx
2567,-,-,NN,-
2568,pay,pay,VB,xxx
2569,or,or,CC,xx
2570,their,-PRON-,PRP$,xxxx
2571,deductible,deductible,JJ,xxxx
2572,"
","
",_SP,"
"
2573,So,so,RB,Xx
2574,we,-PRON-,PRP,xx
2575,'re,be,VBP,'xx
2576,getting,get,VBG,xxxx
2577,a,a,DT,x
2578,higher,high,JJR,xxxx
2579,access,access,NN,xxxx
2580,to,to,IN,xx
2581,patients,patient,NNS,xxxx
2582,there,there,RB,xxxx
2583,"
","
",_SP,"
"
2584,So,so,RB,Xx
2585,we,-PRON-,PRP,xx
2586,see,see,VBP,xxx
2587,a,a,DT,x
2588,continued,continue,VBN,xxxx
2589,usage,usage,NN,xxxx
2590,and,and,CC,xxx
2591,expansion,expansion,NN,xxxx
2592,by,by,IN,xx
2593,existing,exist,VBG,xxxx
2594,physicians,physician,NNS,xxxx
2595,"
","
",_SP,"
"
2596,We,-PRON-,PRP,Xx
2597,are,be,VBP,xxx
2598,capturing,capture,VBG,xxxx
2599,about,about,IN,xxxx
2600,between,between,IN,xxxx
2601,300,300,CD,ddd
2602,and,and,CC,xxx
2603,400,400,CD,ddd
2604,new,new,JJ,xxx
2605,prescribers,prescriber,NNS,xxxx
2606,per,per,IN,xxx
2607,month,month,NN,xxxx
2608,",",",",",",","
2609,so,so,IN,xx
2610,the,the,DT,xxx
2611,prescriber,prescriber,NN,xxxx
2612,base,base,NN,xxxx
2613,is,be,VBZ,xx
2614,growing,grow,VBG,xxxx
2615,as,as,IN,xx
2616,we,-PRON-,PRP,xx
2617,go,go,VBP,xx
2618,forward,forward,RB,xxxx
2619,"
","
",_SP,"
"
2620,The,the,DT,Xxx
2621,new,new,JJ,xxx
2622,guidelines,guideline,NNS,xxxx
2623,are,be,VBP,xxx
2624,starting,start,VBG,xxxx
2625,to,to,TO,xx
2626,take,take,VB,xxxx
2627,a,a,DT,x
2628,little,little,JJ,xxxx
2629,bit,bit,NN,xxx
2630,of,of,IN,xx
2631,traction,traction,NN,xxxx
2632,"
","
",_SP,"
"
2633,We,-PRON-,PRP,Xx
2634,look,look,VBP,xxxx
2635,forward,forward,RB,xxxx
2636,to,to,IN,xx
2637,the,the,DT,xxx
2638,ACC,ACC,NNP,XXX
2639,presentations,presentation,NNS,xxxx
2640,"
","
",_SP,"
"
2641,So,so,RB,Xx
2642,that,that,DT,xxxx
2643,'s,be,VBZ,'x
2644,where,where,WRB,xxxx
2645,we,-PRON-,PRP,xx
2646,see,see,VBP,xxx
2647,the,the,DT,xxx
2648,growth,growth,NN,xxxx
2649,of,of,IN,xx
2650,our,-PRON-,PRP$,xxx
2651,business,business,NN,xxxx
2652,right,right,RB,xxxx
2653,now,now,RB,xxx
2654,"
","
",_SP,"
"
2655,So,so,RB,Xx
2656,",",",",",",","
2657,Geoff,Geoff,NNP,Xxxxx
2658,",",",",",",","
2659,let,let,VB,xxx
2660,me,-PRON-,PRP,xx
2661,take,take,VB,xxxx
2662,that,that,DT,xxxx
2663,one,one,NN,xxx
2664,as,as,RB,xx
2665,best,best,RB,xxxx
2666,I,-PRON-,PRP,X
2667,can,can,MD,xxx
2668,in,in,IN,xx
2669,the,the,DT,xxx
2670,moment,moment,NN,xxxx
2671,"
","
",_SP,"
"
2672,So,so,RB,Xx
2673,just,just,RB,xxxx
2674,to,to,TO,xx
2675,remind,remind,VB,xxxx
2676,you,-PRON-,PRP,xxx
2677,",",",",",",","
2678,that,that,IN,xxxx
2679,the,the,DT,xxx
2680,outcomes,outcome,NNS,xxxx
2681,data,datum,NNS,xxxx
2682,was,be,VBD,xxx
2683,presented,present,VBN,xxxx
2684,at,at,IN,xx
2685,the,the,DT,xxx
2686,ACC,ACC,NNP,XXX
2687,in,in,IN,xx
2688,March,March,NNP,Xxxxx
2689,"
","
",_SP,"
"
2690,We,-PRON-,PRP,Xx
2691,are,be,VBP,xxx
2692,not,not,RB,xxx
2693,promoting,promote,VBG,xxxx
2694,that,that,DT,xxxx
2695,data,datum,NNS,xxxx
2696,at,at,IN,xx
2697,the,the,DT,xxx
2698,moment,moment,NN,xxxx
2699,"
","
",_SP,"
"
2700,We,-PRON-,PRP,Xx
2701,are,be,VBP,xxx
2702,clearly,clearly,RB,xxxx
2703,awaiting,await,VBG,xxxx
2704,the,the,DT,xxx
2705,FDA,FDA,NNP,XXX
2706,decision,decision,NN,xxxx
2707,to,to,TO,xx
2708,include,include,VB,xxxx
2709,the,the,DT,xxx
2710,data,datum,NNS,xxxx
2711,in,in,IN,xx
2712,our,-PRON-,PRP$,xxx
2713,label,label,NN,xxxx
2714,",",",",",",","
2715,at,at,IN,xx
2716,which,which,WDT,xxxx
2717,stage,stage,NN,xxxx
2718,we,-PRON-,PRP,xx
2719,will,will,MD,xxxx
2720,start,start,VB,xxxx
2721,being,be,VBG,xxxx
2722,able,able,JJ,xxxx
2723,to,to,TO,xx
2724,promote,promote,VB,xxxx
2725,that,that,DT,xxxx
2726,data,datum,NNS,xxxx
2727,into,into,IN,xxxx
2728,the,the,DT,xxx
2729,marketplace,marketplace,NN,xxxx
2730,itself,-PRON-,PRP,xxxx
2731,"
","
",_SP,"
"
2732,We,-PRON-,PRP,Xx
2733,are,be,VBP,xxx
2734,working,work,VBG,xxxx
2735,consistently,consistently,RB,xxxx
2736,with,with,IN,xxxx
2737,the,the,DT,xxx
2738,payers,payer,NNS,xxxx
2739,at,at,IN,xx
2740,the,the,DT,xxx
2741,moment,moment,NN,xxxx
2742,in,in,IN,xx
2743,terms,term,NNS,xxxx
2744,of,of,IN,xx
2745,reevaluating,reevaluate,VBG,xxxx
2746,and,and,CC,xxx
2747,challenging,challenge,VBG,xxxx
2748,some,some,DT,xxxx
2749,of,of,IN,xx
2750,the,the,DT,xxx
2751,utilization,utilization,NN,xxxx
2752,management,management,NN,xxxx
2753,criteria,criterion,NNS,xxxx
2754,",",",",",",","
2755,challenging,challenge,VBG,xxxx
2756,some,some,DT,xxxx
2757,of,of,IN,xx
2758,the,the,DT,xxx
2759,onerous,onerous,JJ,xxxx
2760,processes,process,NNS,xxxx
2761,that,that,WDT,xxxx
2762,are,be,VBP,xxx
2763,in,in,IN,xx
2764,place,place,NN,xxxx
2765,and,and,CC,xxx
2766,actually,actually,RB,xxxx
2767,working,work,VBG,xxxx
2768,with,with,IN,xxxx
2769,the,the,DT,xxx
2770,professional,professional,JJ,xxxx
2771,bodies,body,NNS,xxxx
2772,themselves,-PRON-,PRP,xxxx
2773,so,so,IN,xx
2774,they,-PRON-,PRP,xxxx
2775,become,become,VBP,xxxx
2776,involved,involved,JJ,xxxx
2777,in,in,IN,xx
2778,ensuring,ensure,VBG,xxxx
2779,they,-PRON-,PRP,xxxx
2780,can,can,MD,xxx
2781,get,get,VB,xxx
2782,access,access,NN,xxxx
2783,to,to,IN,xx
2784,their,-PRON-,PRP$,xxxx
2785,patients,patient,NNS,xxxx
2786,"
","
",_SP,"
"
2787,We,-PRON-,PRP,Xx
2788,have,have,VBP,xxxx
2789,seen,see,VBN,xxxx
2790,a,a,DT,x
2791,high,high,JJ,xxxx
2792,level,level,NN,xxxx
2793,of,of,IN,xx
2794,willingness,willingness,NN,xxxx
2795,from,from,IN,xxxx
2796,the,the,DT,xxx
2797,payers,payer,NNS,xxxx
2798,and,and,CC,xxx
2799,the,the,DT,xxx
2800,PBMs,pbm,NNS,XXXx
2801,to,to,TO,xx
2802,relook,relook,VB,xxxx
2803,at,at,IN,xx
2804,their,-PRON-,PRP$,xxxx
2805,utilization,utilization,NN,xxxx
2806,management,management,NN,xxxx
2807,criteria,criterion,NNS,xxxx
2808,to,to,TO,xx
2809,ensure,ensure,VB,xxxx
2810,that,that,IN,xxxx
2811,the,the,DT,xxx
2812,processes,process,NNS,xxxx
2813,are,be,VBP,xxx
2814,reasonable,reasonable,JJ,xxxx
2815,"
","
",_SP,"
"
2816,The,the,DT,Xxx
2817,cohorts,cohort,NNS,xxxx
2818,are,be,VBP,xxx
2819,probably,probably,RB,xxxx
2820,a,a,DT,x
2821,bit,bit,NN,xxx
2822,too,too,RB,xxx
2823,small,small,JJ,xxxx
2824,to,to,TO,xx
2825,be,be,VB,xx
2826,able,able,JJ,xxxx
2827,to,to,TO,xx
2828,really,really,RB,xxxx
2829,understand,understand,VB,xxxx
2830,patient,patient,JJ,xxxx
2831,persistency,persistency,NN,xxxx
2832,at,at,IN,xx
2833,the,the,DT,xxx
2834,moment,moment,NN,xxxx
2835,",",",",",",","
2836,so,so,CC,xx
2837,what,what,WP,xxxx
2838,we,-PRON-,PRP,xx
2839,are,be,VBP,xxx
2840,tracking,track,VBG,xxxx
2841,is,be,VBZ,xx
2842,new,new,JJ,xxx
2843,patient,patient,NN,xxxx
2844,capture,capture,NN,xxxx
2845,early,early,RB,xxxx
2846,on,on,RB,xx
2847,",",",",",",","
2848,and,and,CC,xxx
2849,as,as,IN,xx
2850,you,-PRON-,PRP,xxx
2851,know,know,VBP,xxxx
2852,",",",",",",","
2853,you,-PRON-,PRP,xxx
2854,can,can,MD,xxx
2855,see,see,VB,xxx
2856,that,that,IN,xxxx
2857,quite,quite,RB,xxxx
2858,easily,easily,RB,xxxx
2859,from,from,IN,xxxx
2860,the,the,DT,xxx
2861,IMS,IMS,NNP,XXX
2862,data,datum,NNS,xxxx
2863,"
","
",_SP,"
"
2864,And,and,CC,Xxx
2865,that,that,DT,xxxx
2866,continues,continue,VBZ,xxxx
2867,to,to,TO,xx
2868,grow,grow,VB,xxxx
2869,as,as,RB,xx
2870,well,well,RB,xxxx
2871,as,as,IN,xx
2872,the,the,DT,xxx
2873,growth,growth,NN,xxxx
2874,trial,trial,NN,xxxx
2875,as,as,IN,xx
2876,(,(,-LRB-,(
2877,55:06,55:06,CD,dd:dd
2878,),),-RRB-,)
2879,we,-PRON-,PRP,xx
2880,go,go,VBP,xx
2881,forward,forward,RB,xxxx
2882,"
","
",_SP,"
"
2883,We,-PRON-,PRP,Xx
2884,do,do,VBP,xx
2885,believe,believe,VB,xxxx
2886,that,that,IN,xxxx
2887,once,once,IN,xxxx
2888,the,the,DT,xxx
2889,FDA,FDA,NNP,XXX
2890,ratifies,ratify,VBZ,xxxx
2891,the,the,DT,xxx
2892,data,datum,NNS,xxxx
2893,and,and,CC,xxx
2894,puts,put,VBZ,xxxx
2895,it,-PRON-,PRP,xx
2896,in,in,IN,xx
2897,the,the,DT,xxx
2898,label,label,NN,xxxx
2899,",",",",",",","
2900,we,-PRON-,PRP,xx
2901,'ll,will,MD,'xx
2902,be,be,VB,xx
2903,in,in,IN,xx
2904,a,a,DT,x
2905,much,much,RB,xxxx
2906,better,well,JJR,xxxx
2907,position,position,NN,xxxx
2908,to,to,TO,xx
2909,see,see,VB,xxx
2910,an,an,DT,xx
2911,opening,opening,NN,xxxx
2912,of,of,IN,xx
2913,access,access,NN,xxxx
2914,through,through,IN,xxxx
2915,the,the,DT,xxx
2916,payers,payer,NNS,xxxx
2917,"
","
",_SP,"
"
2918,Okay,okay,UH,Xxxx
2919,"
","
",_SP,"
"
2920,So,so,CC,Xx
2921,let,let,VB,xxx
2922,me,-PRON-,PRP,xx
2923,start,start,VB,xxxx
2924,doing,do,VBG,xxxx
2925,a,a,DT,x
2926,little,little,JJ,xxxx
2927,bit,bit,NN,xxx
2928,of,of,IN,xx
2929,an,an,DT,xx
2930,answer,answer,NN,xxxx
2931,there,there,RB,xxxx
2932,if,if,IN,xx
2933,I,-PRON-,PRP,X
2934,can,can,MD,xxx
2935,",",",",",",","
2936,and,and,CC,xxx
2937,perhaps,perhaps,RB,xxxx
2938,Sean,Sean,NNP,Xxxx
2939,can,can,MD,xxx
2940,add,add,VB,xxx
2941,around,around,IN,xxxx
2942,the,the,DT,xxx
2943,clinical,clinical,JJ,xxxx
2944,data,datum,NNS,xxxx
2945,"
","
",_SP,"
"
2946,Right,right,UH,Xxxxx
2947,",",",",",",","
2948,so,so,CC,xx
2949,just,just,RB,xxxx
2950,to,to,TO,xx
2951,go,go,VB,xx
2952,back,back,RB,xxxx
2953,",",",",",",","
2954,my,-PRON-,PRP$,xx
2955,comment,comment,NN,xxxx
2956,to,to,IN,xx
2957,Geoff,Geoff,NNP,Xxxxx
2958,earlier,earlier,RBR,xxxx
2959,on,on,RB,xx
2960,",",",",",",","
2961,around,around,IN,xxxx
2962,the,the,DT,xxx
2963,unmet,unmet,JJ,xxxx
2964,need,need,NN,xxxx
2965,",",",",",",","
2966,the,the,DT,xxx
2967,more,more,RBR,xxxx
2968,we,-PRON-,PRP,xx
2969,dig,dig,VBP,xxx
2970,into,into,IN,xxxx
2971,this,this,DT,xxxx
2972,market,market,NN,xxxx
2973,",",",",",",","
2974,the,the,DT,xxx
2975,more,more,RBR,xxxx
2976,you,-PRON-,PRP,xxx
2977,realize,realize,VBP,xxxx
2978,that,that,IN,xxxx
2979,not,not,RB,xxx
2980,only,only,RB,xxxx
2981,patients,patient,NNS,xxxx
2982,but,but,CC,xxx
2983,specialist,specialist,NN,xxxx
2984,physicians,physician,NNS,xxxx
2985,themselves,-PRON-,PRP,xxxx
2986,have,have,VBP,xxxx
2987,been,be,VBN,xxxx
2988,absolutely,absolutely,RB,xxxx
2989,frustrated,frustrate,VBN,xxxx
2990,for,for,IN,xxx
2991,decades,decade,NNS,xxxx
2992,because,because,IN,xxxx
2993,of,of,IN,xx
2994,the,the,DT,xxx
2995,inability,inability,NN,xxxx
2996,to,to,TO,xx
2997,actually,actually,RB,xxxx
2998,prescribe,prescribe,VB,xxxx
2999,a,a,DT,x
3000,migraine,migraine,JJ,xxxx
3001,drug,drug,NN,xxxx
3002,for,for,IN,xxx
3003,a,a,DT,x
3004,migraine,migraine,NN,xxxx
3005,"
","
",_SP,"
"
3006,They,-PRON-,PRP,Xxxx
3007,'ve,have,VB,'xx
3008,used,use,VBN,xxxx
3009,substitutes,substitute,NNS,xxxx
3010,"
","
",_SP,"
"
3011,They,-PRON-,PRP,Xxxx
3012,'ve,have,VB,'xx
3013,used,use,VBN,xxxx
3014,drugs,drug,NNS,xxxx
3015,that,that,WDT,xxxx
3016,have,have,VBP,xxxx
3017,caused,cause,VBN,xxxx
3018,huge,huge,JJ,xxxx
3019,side,side,NN,xxxx
3020,effects,effect,NNS,xxxx
3021,",",",",",",","
3022,and,and,CC,xxx
3023,patients,patient,NNS,xxxx
3024,are,be,VBP,xxx
3025,unhappy,unhappy,JJ,xxxx
3026,with,with,IN,xxxx
3027,them,-PRON-,PRP,xxxx
3028,"
","
",_SP,"
"
3029,So,so,RB,Xx
3030,as,as,IN,xx
3031,we,-PRON-,PRP,xx
3032,'ve,have,VB,'xx
3033,talked,talk,VBN,xxxx
3034,to,to,IN,xx
3035,patients,patient,NNS,xxxx
3036,",",",",",",","
3037,patient,patient,JJ,xxxx
3038,bloggers,blogger,NNS,xxxx
3039,",",",",",",","
3040,patient,patient,JJ,xxxx
3041,groups,group,NNS,xxxx
3042,about,about,IN,xxxx
3043,their,-PRON-,PRP$,xxxx
3044,needs,need,NNS,xxxx
3045,",",",",",",","
3046,it,-PRON-,PRP,xx
3047,'s,be,VBZ,'x
3048,clear,clear,JJ,xxxx
3049,the,the,DT,xxx
3050,unmet,unmet,JJ,xxxx
3051,need,need,NN,xxxx
3052,continues,continue,VBZ,xxxx
3053,to,to,TO,xx
3054,be,be,VB,xx
3055,large,large,JJ,xxxx
3056,"
","
",_SP,"
"
3057,Every,every,DT,Xxxxx
3058,specialist,specialist,NN,xxxx
3059,I,-PRON-,PRP,X
3060,'ve,have,VB,'xx
3061,spoken,speak,VBN,xxxx
3062,to,to,IN,xx
3063,who,who,WP,xxx
3064,looked,look,VBD,xxxx
3065,at,at,IN,xx
3066,the,the,DT,xxx
3067,Aimovig,aimovig,JJ,Xxxxx
3068,data,datum,NNS,xxxx
3069,has,have,VBZ,xxx
3070,been,be,VBN,xxxx
3071,impressed,impress,VBN,xxxx
3072,by,by,IN,xx
3073,the,the,DT,xxx
3074,data,datum,NNS,xxxx
3075,",",",",",",","
3076,has,have,VBZ,xxx
3077,seen,see,VBN,xxxx
3078,a,a,DT,x
3079,dramatic,dramatic,JJ,xxxx
3080,potential,potential,NN,xxxx
3081,for,for,IN,xxx
3082,change,change,NN,xxxx
3083,in,in,IN,xx
3084,what,what,WP,xxxx
3085,this,this,DT,xxxx
3086,will,will,MD,xxxx
3087,do,do,VB,xx
3088,for,for,IN,xxx
3089,patients,patient,NNS,xxxx
3090,on,on,IN,xx
3091,their,-PRON-,PRP$,xxxx
3092,day,day,NN,xxx
3093,-,-,HYPH,-
3094,to,to,IN,xx
3095,-,-,HYPH,-
3096,day,day,NN,xxx
3097,lives,live,VBZ,xxxx
3098,"
","
",_SP,"
"
3099,We,-PRON-,PRP,Xx
3100,do,do,VBP,xx
3101,believe,believe,VB,xxxx
3102,that,that,IN,xxxx
3103,we,-PRON-,PRP,xx
3104,will,will,MD,xxxx
3105,be,be,VB,xx
3106,first,first,JJ,xxxx
3107,to,to,TO,xx
3108,market,market,NN,xxxx
3109,"
","
",_SP,"
"
3110,We,-PRON-,PRP,Xx
3111,have,have,VBP,xxxx
3112,submitted,submit,VBN,xxxx
3113,first,first,RB,xxxx
3114,"
","
",_SP,"
"
3115,We,-PRON-,PRP,Xx
3116,intend,intend,VBP,xxxx
3117,coming,come,VBG,xxxx
3118,to,to,IN,xx
3119,market,market,NN,xxxx
3120,first,first,RB,xxxx
3121,"
","
",_SP,"
"
3122,We,-PRON-,PRP,Xx
3123,have,have,VBP,xxxx
3124,a,a,DT,x
3125,partnership,partnership,NN,xxxx
3126,with,with,IN,xxxx
3127,Novartis,Novartis,NNP,Xxxxx
3128,who,who,WP,xxx
3129,have,have,VBP,xxxx
3130,an,an,DT,xx
3131,existing,exist,VBG,xxxx
3132,strong,strong,JJ,xxxx
3133,relationship,relationship,NN,xxxx
3134,with,with,IN,xxxx
3135,the,the,DT,xxx
3136,neurologists,neurologist,NNS,xxxx
3137,",",",",",",","
3138,a,a,DT,x
3139,lot,lot,NN,xxx
3140,of,of,IN,xx
3141,them,-PRON-,PRP,xxxx
3142,who,who,WP,xxx
3143,treat,treat,VBP,xxxx
3144,migraine,migraine,NNP,xxxx
3145,"
","
",_SP,"
"
3146,And,and,CC,Xxx
3147,we,-PRON-,PRP,xx
3148,expect,expect,VBP,xxxx
3149,to,to,TO,xx
3150,be,be,VB,xx
3151,using,use,VBG,xxxx
3152,their,-PRON-,PRP$,xxxx
3153,skills,skill,NNS,xxxx
3154,",",",",",",","
3155,competencies,competency,NNS,xxxx
3156,and,and,CC,xxx
3157,relationships,relationship,NNS,xxxx
3158,to,to,TO,xx
3159,set,set,VB,xxx
3160,us,-PRON-,PRP,xx
3161,up,up,RP,xx
3162,and,and,CC,xxx
3163,to,to,TO,xx
3164,move,move,VB,xxxx
3165,fast,fast,RB,xxxx
3166,and,and,CC,xxx
3167,quickly,quickly,RB,xxxx
3168,into,into,IN,xxxx
3169,the,the,DT,xxx
3170,marketplace,marketplace,NN,xxxx
3171,"
","
",_SP,"
"
3172,Umer,Umer,NNP,Xxxx
3173,",",",",",",","
3174,this,this,DT,xxxx
3175,is,be,VBZ,xx
3176,Tony,Tony,NNP,Xxxx
3177,"
","
",_SP,"
"
3178,I,-PRON-,PRP,X
3179,think,think,VBP,xxxx
3180,a,a,DT,x
3181,lack,lack,NN,xxxx
3182,of,of,IN,xx
3183,inflection,inflection,NN,xxxx
3184,would,would,MD,xxxx
3185,be,be,VB,xx
3186,a,a,DT,x
3187,terrible,terrible,JJ,xxxx
3188,tragedy,tragedy,NN,xxxx
3189,for,for,IN,xxx
3190,those,those,DT,xxxx
3191,patients,patient,NNS,xxxx
3192,who,who,WP,xxx
3193,suffer,suffer,VBP,xxxx
3194,from,from,IN,xxxx
3195,this,this,DT,xxxx
3196,disease,disease,NN,xxxx
3197,and,and,CC,xxx
3198,who,who,WP,xxx
3199,will,will,MD,xxxx
3200,either,either,CC,xxxx
3201,be,be,VB,xx
3202,suffering,suffer,VBG,xxxx
3203,an,an,DT,xx
3204,early,early,JJ,xxxx
3205,untimely,untimely,JJ,xxxx
3206,heart,heart,NN,xxxx
3207,attack,attack,NN,xxxx
3208,or,or,CC,xx
3209,stroke,stroke,VB,xxxx
3210,"
","
",_SP,"
"
3211,The,the,DT,Xxx
3212,price,price,NN,xxxx
3213,we,-PRON-,PRP,xx
3214,came,come,VBD,xxxx
3215,to,to,IN,xx
3216,market,market,NN,xxxx
3217,with,with,IN,xxxx
3218,was,be,VBD,xxx
3219,clearly,clearly,RB,xxxx
3220,aligned,align,VBN,xxxx
3221,with,with,IN,xxxx
3222,an,an,DT,xx
3223,understanding,understanding,NN,xxxx
3224,about,about,IN,xxxx
3225,the,the,DT,xxx
3226,rebate,rebate,NN,xxxx
3227,that,that,WDT,xxxx
3228,would,would,MD,xxxx
3229,be,be,VB,xx
3230,required,require,VBN,xxxx
3231,in,in,IN,xx
3232,the,the,DT,xxx
3233,marketplace,marketplace,NN,xxxx
3234,to,to,TO,xx
3235,gain,gain,VB,xxxx
3236,a,a,DT,x
3237,competitive,competitive,JJ,xxxx
3238,position,position,NN,xxxx
3239,"
","
",_SP,"
"
3240,When,when,WRB,Xxxx
3241,you,-PRON-,PRP,xxx
3242,look,look,VBP,xxxx
3243,at,at,IN,xx
3244,the,the,DT,xxx
3245,data,datum,NNS,xxxx
3246,we,-PRON-,PRP,xx
3247,presented,present,VBD,xxxx
3248,at,at,IN,xx
3249,the,the,DT,xxx
3250,ACC,ACC,NNP,XXX
3251,in,in,IN,xx
3252,March,March,NNP,Xxxxx
3253,this,this,DT,xxxx
3254,year,year,NN,xxxx
3255,",",",",",",","
3256,we,-PRON-,PRP,xx
3257,clearly,clearly,RB,xxxx
3258,talked,talk,VBD,xxxx
3259,about,about,IN,xxxx
3260,the,the,DT,xxx
3261,pharmaco,pharmaco,NN,xxxx
3262,-,-,HYPH,-
3263,economic,economic,JJ,xxxx
3264,value,value,NN,xxxx
3265,of,of,IN,xx
3266,this,this,DT,xxxx
3267,product,product,NN,xxxx
3268,",",",",",",","
3269,how,how,WRB,xxx
3270,PCSK9,pcsk9,FW,XXXXd
3271,within,within,IN,xxxx
3272,the,the,DT,xxx
3273,class,class,NN,xxxx
3274,",",",",",",","
3275,and,and,CC,xxx
3276,reconfirmed,reconfirm,VBD,xxxx
3277,that,that,IN,xxxx
3278,our,-PRON-,PRP$,xxx
3279,net,net,JJ,xxx
3280,price,price,NN,xxxx
3281,to,to,IN,xx
3282,payers,payer,NNS,xxxx
3283,is,be,VBZ,xx
3284,presently,presently,RB,xxxx
3285,very,very,RB,xxxx
3286,much,much,RB,xxxx
3287,in,in,IN,xx
3288,the,the,DT,xxx
3289,range,range,NN,xxxx
3290,of,of,IN,xx
3291,a,a,DT,x
3292,pharmaco,pharmaco,JJ,xxxx
3293,-,-,HYPH,-
3294,economic,economic,JJ,xxxx
3295,price,price,NN,xxxx
3296,"
","
",_SP,"
"
3297,We,-PRON-,PRP,Xx
3298,continue,continue,VBP,xxxx
3299,to,to,TO,xx
3300,believe,believe,VB,xxxx
3301,that,that,IN,xxxx
3302,this,this,DT,xxxx
3303,drug,drug,NN,xxxx
3304,brings,bring,VBZ,xxxx
3305,value,value,NN,xxxx
3306,"
","
",_SP,"
"
3307,When,when,WRB,Xxxx
3308,you,-PRON-,PRP,xxx
3309,look,look,VBP,xxxx
3310,at,at,IN,xx
3311,the,the,DT,xxx
3312,second,second,JJ,xxxx
3313,year,year,NN,xxxx
3314,data,datum,NNS,xxxx
3315,",",",",",",","
3316,that,that,IN,xxxx
3317,you,-PRON-,PRP,xxx
3318,'re,be,VBP,'xx
3319,reducing,reduce,VBG,xxxx
3320,heart,heart,NN,xxxx
3321,attacks,attack,NNS,xxxx
3322,by,by,IN,xx
3323,35,35,CD,dd
3324,%,%,NN,%
3325,",",",",",",","
3326,reducing,reduce,VBG,xxxx
3327,stroke,stroke,NN,xxxx
3328,by,by,IN,xx
3329,24,24,CD,dd
3330,%,%,NN,%
3331,",",",",",",","
3332,27,27,CD,dd
3333,%,%,NN,%
3334,"
","
",_SP,"
"
3335,It,-PRON-,PRP,Xx
3336,'s,be,VBZ,'x
3337,an,an,DT,xx
3338,enormous,enormous,JJ,xxxx
3339,crack,crack,NN,xxxx
3340,in,in,IN,xx
3341,this,this,DT,xxxx
3342,disease,disease,NN,xxxx
3343,that,that,WDT,xxxx
3344,takes,take,VBZ,xxxx
3345,lives,life,NNS,xxxx
3346,on,on,IN,xx
3347,a,a,DT,x
3348,untimely,untimely,JJ,xxxx
3349,basis,basis,NN,xxxx
3350,"
","
",_SP,"
"
3351,So,so,RB,Xx
3352,we,-PRON-,PRP,xx
3353,will,will,MD,xxxx
3354,continue,continue,VB,xxxx
3355,to,to,TO,xx
3356,drive,drive,VB,xxxx
3357,it,-PRON-,PRP,xx
3358,forward,forward,RB,xxxx
3359,",",",",",",","
3360,and,and,CC,xxx
3361,to,to,TO,xx
3362,ensure,ensure,VB,xxxx
3363,that,that,IN,xxxx
3364,the,the,DT,xxx
3365,value,value,NN,xxxx
3366,we,-PRON-,PRP,xx
3367,bring,bring,VBP,xxxx
3368,is,be,VBZ,xx
3369,distinct,distinct,JJ,xxxx
3370,and,and,CC,xxx
3371,beneficial,beneficial,JJ,xxxx
3372,in,in,IN,xx
3373,the,the,DT,xxx
3374,marketplace,marketplace,NN,xxxx
3375,"
","
",_SP,"
"
3376,Ronny,ronny,VB,Xxxxx
3377,",",",",",",","
3378,it,-PRON-,PRP,xx
3379,'s,be,VBZ,'x
3380,Tony,Tony,NNP,Xxxx
3381,"
","
",_SP,"
"
3382,I,-PRON-,PRP,X
3383,do,do,VBP,xx
3384,n't,not,RB,x'x
3385,have,have,VB,xxxx
3386,those,those,DT,xxxx
3387,exact,exact,JJ,xxxx
3388,numbers,number,NNS,xxxx
3389,with,with,IN,xxxx
3390,me,-PRON-,PRP,xx
3391,"
","
",_SP,"
"
3392,We,-PRON-,PRP,Xx
3393,can,can,MD,xxx
3394,get,get,VB,xxx
3395,back,back,RB,xxxx
3396,to,to,IN,xx
3397,you,-PRON-,PRP,xxx
3398,",",",",",",","
3399,but,but,CC,xxx
3400,obviously,obviously,RB,xxxx
3401,a,a,DT,x
3402,lot,lot,NN,xxx
3403,of,of,IN,xx
3404,our,-PRON-,PRP$,xxx
3405,oncology,oncology,NN,xxxx
3406,business,business,NN,xxxx
3407,is,be,VBZ,xx
3408,in,in,IN,xx
3409,the,the,DT,xxx
3410,institution,institution,NN,xxxx
3411,which,which,WDT,xxxx
3412,falls,fall,VBZ,xxxx
3413,under,under,IN,xxxx
3414,340B,340B,NNP,dddX
3415,and,and,CC,xxx
3416,we,-PRON-,PRP,xx
3417,watch,watch,VBP,xxxx
3418,that,that,IN,xxxx
3419,versus,versus,NNP,xxxx
3420,carefully,carefully,RB,xxxx
3421,"
","
",_SP,"
"
3422,It,-PRON-,PRP,Xx
3423,has,have,VBZ,xxx
3424,grown,grow,VBN,xxxx
3425,quite,quite,RB,xxxx
3426,dramatically,dramatically,RB,xxxx
3427,in,in,IN,xx
3428,the,the,DT,xxx
3429,last,last,JJ,xxxx
3430,three,three,CD,xxxx
3431,",",",",",",","
3432,four,four,CD,xxxx
3433,years,year,NNS,xxxx
3434,or,or,CC,xx
3435,so,so,RB,xx
3436,",",",",",",","
3437,but,but,CC,xxx
3438,I,-PRON-,PRP,X
3439,think,think,VBP,xxxx
3440,it,-PRON-,PRP,xx
3441,'s,be,VBZ,'x
3442,sort,sort,RB,xxxx
3443,of,of,RB,xx
3444,under,under,IN,xxxx
3445,20,20,CD,dd
3446,%,%,NN,%
3447,of,of,IN,xx
3448,our,-PRON-,PRP$,xxx
3449,total,total,JJ,xxxx
3450,business,business,NN,xxxx
3451,would,would,MD,xxxx
3452,be,be,VB,xx
3453,340B,340B,NNP,dddX
3454,"
","
",_SP,"
"
3455,So,so,RB,Xx
3456,",",",",",",","
3457,Jim,Jim,NNP,Xxx
3458,",",",",",",","
3459,the,the,DT,xxx
3460,value,value,NN,xxxx
3461,-,-,HYPH,-
3462,based,base,VBN,xxxx
3463,process,process,NN,xxxx
3464,is,be,VBZ,xx
3465,defining,define,VBG,xxxx
3466,the,the,DT,xxx
3467,value,value,NN,xxxx
3468,of,of,IN,xx
3469,a,a,DT,x
3470,product,product,NN,xxxx
3471,based,base,VBN,xxxx
3472,on,on,IN,xx
3473,the,the,DT,xxx
3474,threshold,threshold,NN,xxxx
3475,you,-PRON-,PRP,xxx
3476,set,set,VBP,xxx
3477,for,for,IN,xxx
3478,a,a,DT,x
3479,quality,quality,NN,xxxx
3480,of,of,IN,xx
3481,life,life,NN,xxxx
3482,you,-PRON-,PRP,xxx
3483,saved,save,VBD,xxxx
3484,"
","
",_SP,"
"
3485,It,-PRON-,PRP,Xx
3486,'s,be,VBZ,'x
3487,a,a,DT,x
3488,process,process,NN,xxxx
3489,used,use,VBN,xxxx
3490,by,by,IN,xx
3491,most,most,JJS,xxxx
3492,health,health,NN,xxxx
3493,technology,technology,NN,xxxx
3494,assessment,assessment,NN,xxxx
3495,companies,company,NNS,xxxx
3496,around,around,IN,xxxx
3497,the,the,DT,xxx
3498,world,world,NN,xxxx
3499,",",",",",",","
3500,such,such,JJ,xxxx
3501,as,as,IN,xx
3502,the,the,DT,xxx
3503,UK,UK,NNP,XX
3504,",",",",",",","
3505,Canada,Canada,NNP,Xxxxx
3506,and,and,CC,xxx
3507,Australia,Australia,NNP,Xxxxx
3508,"
","
",_SP,"
"
3509,It,-PRON-,PRP,Xx
3510,'s,be,VBZ,'x
3511,an,an,DT,xx
3512,evolution,evolution,NN,xxxx
3513,of,of,IN,xx
3514,a,a,DT,x
3515,process,process,NN,xxxx
3516,in,in,IN,xx
3517,the,the,DT,xxx
3518,U.S,U.S,NNP,X.X
3519,"
","
",_SP,"
"
3520,at,at,IN,xx
3521,the,the,DT,xxx
3522,moment,moment,NN,xxxx
3523,and,and,CC,xxx
3524,we,-PRON-,PRP,xx
3525,feel,feel,VBP,xxxx
3526,quite,quite,RB,xxxx
3527,robust,robust,JJ,xxxx
3528,and,and,CC,xxx
3529,confident,confident,JJ,xxxx
3530,in,in,IN,xx
3531,our,-PRON-,PRP$,xxx
3532,ability,ability,NN,xxxx
3533,to,to,TO,xx
3534,establish,establish,VB,xxxx
3535,that,that,DT,xxxx
3536,type,type,NN,xxxx
3537,of,of,IN,xx
3538,range,range,NN,xxxx
3539,of,of,IN,xx
3540,value,value,NN,xxxx
3541,for,for,IN,xxx
3542,a,a,DT,x
3543,product,product,NN,xxxx
3544,"
","
",_SP,"
"
3545,We,-PRON-,PRP,Xx
3546,discuss,discuss,VBP,xxxx
3547,that,that,DT,xxxx
3548,with,with,IN,xxxx
3549,the,the,DT,xxx
3550,payers,payer,NNS,xxxx
3551,on,on,IN,xx
3552,an,an,DT,xx
3553,ongoing,ongoing,JJ,xxxx
3554,basis,basis,NN,xxxx
3555,"
","
",_SP,"
"
3556,I,-PRON-,PRP,X
3557,think,think,VBP,xxxx
3558,what,what,WP,xxxx
3559,you,-PRON-,PRP,xxx
3560,might,may,MD,xxxx
3561,be,be,VB,xx
3562,referring,refer,VBG,xxxx
3563,to,to,IN,xx
3564,is,be,VBZ,xx
3565,a,a,DT,x
3566,bit,bit,NN,xxx
3567,of,of,IN,xx
3568,our,-PRON-,PRP$,xxx
3569,risk,risk,NN,xxxx
3570,-,-,HYPH,-
3571,share,share,NN,xxxx
3572,contract,contract,NN,xxxx
3573,we,-PRON-,PRP,xx
3574,'ve,have,VB,'xx
3575,actually,actually,RB,xxxx
3576,put,put,VBN,xxx
3577,into,into,IN,xxxx
3578,place,place,NN,xxxx
3579,"
","
",_SP,"
"
3580,And,and,CC,Xxx
3581,those,those,DT,xxxx
3582,are,be,VBP,xxx
3583,interesting,interesting,JJ,xxxx
3584,ones,one,NNS,xxxx
3585,too,too,RB,xxx
3586,",",",",",",","
3587,where,where,WRB,xxxx
3588,we,-PRON-,PRP,xx
3589,have,have,VBP,xxxx
3590,product,product,NN,xxxx
3591,deliver,deliver,VBP,xxxx
3592,a,a,DT,x
3593,distinctive,distinctive,JJ,xxxx
3594,value,value,NN,xxxx
3595,and,and,CC,xxx
3596,we,-PRON-,PRP,xx
3597,'re,be,VBP,'xx
3598,prepared,prepared,JJ,xxxx
3599,to,to,TO,xx
3600,put,put,VB,xxx
3601,our,-PRON-,PRP$,xxx
3602,money,money,NN,xxxx
3603,where,where,WRB,xxxx
3604,our,-PRON-,PRP$,xxx
3605,mouth,mouth,NN,xxxx
3606,is,be,VBZ,xx
3607,with,with,IN,xxxx
3608,those,those,DT,xxxx
3609,particular,particular,JJ,xxxx
3610,products,product,NNS,xxxx
3611,"
","
",_SP,"
"
3612,Some,some,DT,Xxxx
3613,payers,payer,NNS,xxxx
3614,have,have,VBP,xxxx
3615,taken,take,VBN,xxxx
3616,us,-PRON-,PRP,xx
3617,up,up,RP,xx
3618,",",",",",",","
3619,such,such,JJ,xxxx
3620,as,as,IN,xx
3621,Harvard,Harvard,NNP,Xxxxx
3622,Pilgrim,Pilgrim,NNP,Xxxxx
3623,"
","
",_SP,"
"
3624,Others,other,NNS,Xxxxx
3625,are,be,VBP,xxx
3626,trying,try,VBG,xxxx
3627,to,to,TO,xx
3628,work,work,VB,xxxx
3629,at,at,IN,xx
3630,how,how,WRB,xxx
3631,do,do,VBP,xx
3632,they,-PRON-,PRP,xxxx
3633,track,track,VB,xxxx
3634,that,that,DT,xxxx
3635,",",",",",",","
3636,monitor,monitor,VB,xxxx
3637,that,that,IN,xxxx
3638,as,as,IN,xx
3639,they,-PRON-,PRP,xxxx
3640,go,go,VBP,xx
3641,forward,forward,RB,xxxx
3642,"
","
",_SP,"
"
3643,But,but,CC,Xxx
3644,I,-PRON-,PRP,X
3645,would,would,MD,xxxx
3646,imagine,imagine,VB,xxxx
3647,going,go,VBG,xxxx
3648,forward,forward,RB,xxxx
3649,",",",",",",","
3650,it,-PRON-,PRP,xx
3651,has,have,VBZ,xxx
3652,to,to,TO,xx
3653,be,be,VB,xx
3654,something,something,NN,xxxx
3655,that,that,WDT,xxxx
3656,becomes,become,VBZ,xxxx
3657,more,more,RBR,xxxx
3658,and,and,CC,xxx
3659,more,more,RBR,xxxx
3660,popular,popular,JJ,xxxx
3661,"
","
",_SP,"
"
3662,If,if,IN,Xx
3663,you,-PRON-,PRP,xxx
3664,turn,turn,VBP,xxxx
3665,to,to,IN,xx
3666,page,page,NN,xxxx
3667,23,23,CD,dd
3668,of,of,IN,xx
3669,your,-PRON-,PRP$,xxxx
3670,slide,slide,NN,xxxx
3671,deck,deck,NN,xxxx
3672,",",",",",",","
3673,that,that,DT,xxxx
3674,'s,be,VBZ,'x
3675,of,of,IN,xx
3676,course,course,NN,xxxx
3677,a,a,DT,x
3678,chart,chart,NN,xxxx
3679,that,that,WDT,xxxx
3680,I,-PRON-,PRP,X
3681,look,look,VBP,xxxx
3682,at,at,RB,xx
3683,often,often,RB,xxxx
3684,",",",",",",","
3685,which,which,WDT,xxxx
3686,shows,show,VBZ,xxxx
3687,a,a,DT,x
3688,distinctive,distinctive,JJ,xxxx
3689,movement,movement,NN,xxxx
3690,of,of,IN,xx
3691,our,-PRON-,PRP$,xxx
3692,market,market,NN,xxxx
3693,share,share,NN,xxxx
3694,since,since,IN,xxxx
3695,the,the,DT,xxx
3696,outcomes,outcomes,NNP,xxxx
3697,data,datum,NNS,xxxx
3698,was,be,VBD,xxx
3699,delivered,deliver,VBN,xxxx
3700,at,at,IN,xx
3701,the,the,DT,xxx
3702,ACC,ACC,NNP,XXX
3703,in,in,IN,xx
3704,March,March,NNP,Xxxxx
3705,"
","
",_SP,"
"
3706,Clearly,clearly,RB,Xxxxx
3707,people,people,NNS,xxxx
3708,understanding,understand,VBG,xxxx
3709,the,the,DT,xxx
3710,value,value,NN,xxxx
3711,of,of,IN,xx
3712,this,this,DT,xxxx
3713,drug,drug,NN,xxxx
3714,in,in,IN,xx
3715,terms,term,NNS,xxxx
3716,of,of,IN,xx
3717,long,long,JJ,xxxx
3718,-,-,HYPH,-
3719,term,term,NN,xxxx
3720,treatment,treatment,NN,xxxx
3721,"
","
",_SP,"
"
3722,So,so,CC,Xx
3723,we,-PRON-,PRP,xx
3724,have,have,VBP,xxxx
3725,in,in,IN,xx
3726,the,the,DT,xxx
3727,interim,interim,NN,xxxx
3728,also,also,RB,xxxx
3729,worked,work,VBD,xxxx
3730,hard,hard,RB,xxxx
3731,as,as,IN,xx
3732,I,-PRON-,PRP,X
3733,said,say,VBD,xxxx
3734,earlier,earlier,RBR,xxxx
3735,to,to,TO,xx
3736,try,try,VB,xxx
3737,and,and,CC,xxx
3738,reduce,reduce,VB,xxxx
3739,the,the,DT,xxx
3740,impact,impact,NN,xxxx
3741,on,on,IN,xx
3742,patients,patient,NNS,xxxx
3743,who,who,WP,xxx
3744,have,have,VBP,xxxx
3745,large,large,JJ,xxxx
3746,commercial,commercial,JJ,xxxx
3747,co,co,NN,xx
3748,-,-,NN,-
3749,pays,pay,NNS,xxxx
3750,or,or,CC,xx
3751,large,large,JJ,xxxx
3752,commercial,commercial,JJ,xxxx
3753,deductions,deduction,NNS,xxxx
3754,"
","
",_SP,"
"
3755,And,and,CC,Xxx
3756,we,-PRON-,PRP,xx
3757,'re,be,VBP,'xx
3758,working,work,VBG,xxxx
3759,consistently,consistently,RB,xxxx
3760,with,with,IN,xxxx
3761,payers,payer,NNS,xxxx
3762,to,to,TO,xx
3763,try,try,VB,xxx
3764,and,and,CC,xxx
3765,make,make,VB,xxxx
3766,the,the,DT,xxx
3767,utilization,utilization,NN,xxxx
3768,management,management,NN,xxxx
3769,criteria,criterion,NNS,xxxx
3770,as,as,RB,xx
3771,well,well,RB,xxxx
3772,as,as,IN,xx
3773,the,the,DT,xxx
3774,process,process,NN,xxxx
3775,to,to,TO,xx
3776,get,get,VB,xxx
3777,access,access,NN,xxxx
3778,to,to,IN,xx
3779,drug,drug,NN,xxxx
3780,more,more,RBR,xxxx
3781,reasonable,reasonable,JJ,xxxx
3782,to,to,TO,xx
3783,ensure,ensure,VB,xxxx
3784,appropriate,appropriate,JJ,xxxx
3785,patients,patient,NNS,xxxx
3786,get,get,VBP,xxx
3787,access,access,NN,xxxx
3788,"
","
",_SP,"
"
3789,You,-PRON-,PRP,Xxx
3790,guys,guy,NNS,xxxx
3791,can,can,MD,xxx
3792,see,see,VB,xxx
3793,the,the,DT,xxx
3794,size,size,NN,xxxx
3795,of,of,IN,xx
3796,the,the,DT,xxx
3797,multiple,multiple,JJ,xxxx
3798,myeloma,myeloma,NNP,xxxx
3799,market,market,NN,xxxx
3800,based,base,VBN,xxxx
3801,on,on,IN,xx
3802,the,the,DT,xxx
3803,patient,patient,JJ,xxxx
3804,numbers,number,NNS,xxxx
3805,themselves,-PRON-,PRP,xxxx
3806,"
","
",_SP,"
"
3807,So,so,RB,Xx
3808,there,there,EX,xxxx
3809,'s,be,VBZ,'x
3810,a,a,DT,x
3811,distinctive,distinctive,JJ,xxxx
3812,population,population,NN,xxxx
3813,that,that,WDT,xxxx
3814,exists,exist,VBZ,xxxx
3815,over,over,IN,xxxx
3816,there,there,RB,xxxx
3817,"
","
",_SP,"
"
3818,It,-PRON-,PRP,Xx
3819,'s,be,VBZ,'x
3820,a,a,DT,x
3821,population,population,NN,xxxx
3822,that,that,WDT,xxxx
3823,presently,presently,RB,xxxx
3824,is,be,VBZ,xx
3825,n't,not,RB,x'x
3826,in,in,IN,xx
3827,our,-PRON-,PRP$,xxx
3828,label,label,NN,xxxx
3829,and,and,CC,xxx
3830,therefore,therefore,RB,xxxx
3831,we,-PRON-,PRP,xx
3832,have,have,VBP,xxxx
3833,not,not,RB,xxx
3834,been,be,VBN,xxxx
3835,able,able,JJ,xxxx
3836,to,to,TO,xx
3837,promote,promote,VB,xxxx
3838,on,on,RP,xx
3839,that,that,DT,xxxx
3840,particular,particular,JJ,xxxx
3841,patient,patient,NN,xxxx
3842,group,group,NN,xxxx
3843,"
","
",_SP,"
"
3844,And,and,CC,Xxx
3845,we,-PRON-,PRP,xx
3846,look,look,VBP,xxxx
3847,forward,forward,RB,xxxx
3848,to,to,IN,xx
3849,doing,do,VBG,xxxx
3850,it,-PRON-,PRP,xx
3851,early,early,RB,xxxx
3852,in,in,IN,xx
3853,or,or,CC,xx
3854,whenever,whenever,WRB,xxxx
3855,we,-PRON-,PRP,xx
3856,get,get,VBP,xxx
3857,in,in,IN,xx
3858,a,a,DT,x
3859,label,label,NN,xxxx
3860,in,in,IN,xx
3861,2018,2018,CD,dddd
3862,.,.,.,.
3863,"
","
",_SP,"
"
